ID,Term,NewDefinition,Scores,AccessTime
0,mitigate,"使緩和
使減輕","0.8328671361
0.8328671361","2025-06-22
2025-06-22"
1,anomalous,"異常的
不規則的
反常的","0.8679590792
0.8679590792
0.8679590792","2025-06-22
2025-06-22
2025-06-22"
2,sanguine,"樂觀的
充滿希望的
面色紅潤的","0.8356495336
0.8356495336
0.8356495336","2025-06-22
2025-06-22
2025-06-22"
3,meticulous,"一絲不苟的
非常仔細的
嚴謹的","0.9861273395
0.9861273395
0.9861273395","2025-06-28
2025-06-28
2025-06-28"
4,undermine,"逐漸削弱
損害
挖…的牆腳","0.9845859328
0.9845859328
0.9845859328","2025-06-28
2025-06-28
2025-06-28"
5,innocuous,"無害的
不冒犯的","0.7489133773
0.7489133773","2025-06-28
2025-06-28"
6,specious,"似是而非的
華而不實的
貌似有理的","0.8890109181
0.8890109181
0.8890109181","2025-06-28
2025-06-28
2025-06-28"
7,conventional,"傳統的
習俗的
常規的
守舊的","0.823140864
0.823140864
0.823140864
0.823140864","2025-06-22
2025-06-22
2025-06-22
2025-06-22"
8,rationale,"基本原理
理論依據
邏輯基礎","0.97591552
0.97591552
0.97591552","2025-06-28
2025-06-28
2025-06-28"
9,iconoclastic,"M破除偶像的
M反傳統的
M特立獨行的","0.965077504
0.965077504
0.965077504","2025-06-28
2025-06-28
2025-06-28"
10,forestall,"M預先阻止
M搶先一步
M先發制人","0.9698944
0.9698944
0.9698944","2025-06-28
2025-06-28
2025-06-28"
11,champion,"M冠軍
M擁護者
M支持者
M擁護
M支持","0.956992
0.956992
0.956992
0.956992
0.956992","2025-06-28
2025-06-28
2025-06-28
2025-06-28
2025-06-28"
12,esoteric,"M秘傳的
M深奧難懂的
M只有少數人能理解的","0.918208
0.918208
0.918208","2025-06-28
2025-06-28
2025-06-28"
13,paucity,"M少量
M缺乏
M不足","0.74624
0.74624
0.74624","2025-06-28
2025-06-28
2025-06-28"
14,paradox,"M悖論
M似是而非的說法
M自相矛盾的情況","0.842656
0.842656
0.842656","2025-06-22
2025-06-22
2025-06-22"
15,confound,"使困惑
使混淆
證明…有錯","0.94624
0.94624
0.94624","2025-03-09
2025-03-09
2025-03-09"
16,enigma,"謎
難以理解的人或事物","0.94624
0.94624","2025-03-09
2025-03-09"
17,innocence,"清白
無罪
天真
單純","0.94624
0.94624
0.94624
0.94624","2025-03-09
2025-03-09
2025-03-09
2025-03-09"
18,opaque,"不透明的
不透光的
難懂的
模糊的","0.94624
0.94624
0.94624
0.94624","2025-03-09
2025-03-09
2025-03-09
2025-03-09"
19,belie,"掩飾
證明…是錯的
與…不符","0.94624
0.94624
0.94624","2025-03-09
2025-03-09
2025-03-09"
20,pragmatic,"務實的
實用主義的","0.94624
0.94624","2025-03-09
2025-03-09"
21,thwart,"阻撓
阻止
挫敗","0.854592
0.854592
0.854592","2025-06-22
2025-06-22
2025-06-22"
22,superfluous,"多餘的
不必要的","0.94624
0.94624","2025-03-10
2025-03-10"
23,repudiate,"拒絕承認
否認
駁斥
拒絕履行","0.842656
0.842656
0.842656
0.842656","2025-03-10
2025-03-10
2025-03-10
2025-03-10"
24,redundant,"多餘的
不必要的
被解僱的","0.94624
0.94624
0.94624","2025-03-10
2025-03-10
2025-03-10"
25,capricious,"反覆無常的
任性的","0.94624
0.94624","2025-03-10
2025-03-10"
26,eschew,"避開
戒除","0.94624
0.94624","2025-03-10
2025-03-10"
27,sporadic,"偶爾發生的
零星的","0.94624
0.94624","2025-03-10
2025-03-10"
28,taciturn,"沉默寡言的
不愛說話的","0.94624
0.94624","2025-03-10
2025-03-10"
29,exacerbate,"使惡化
使加劇","0.94624
0.94624","2025-03-10
2025-03-10"
30,discern,"辨別
察覺
領會","0.81824
0.81824
0.81824","2025-03-09
2025-03-09
2025-03-09"
31,preclude,"排除
阻止
妨礙","0.94624
0.94624
0.94624","2025-03-10
2025-03-10
2025-03-10"
32,cynical,"憤世嫉俗的
悲觀的
懷疑的","0.94624
0.94624
0.94624","2025-03-10
2025-03-10
2025-03-10"
33,perfunctory,"敷衍的
草率的
表面文章的","0.94624
0.94624
0.94624","2025-03-10
2025-03-10
2025-03-10"
34,lucid,"清晰的
明瞭的
清醒的
透明的","0.94624
0.94624
0.94624
0.94624","2025-03-10
2025-03-10
2025-03-10
2025-03-10"
35,apathetic,"冷漠的
無動於衷的
漠不關心的","0.796992
0.796992
0.796992","2025-03-10
2025-03-10
2025-03-10"
36,contentious,"有爭議的
引起爭論的
好爭論的","0.94624
0.94624
0.94624","2025-03-10
2025-03-10
2025-03-10"
37,mundane,"世俗的
平凡的
日常的
單調的","0.94624
0.94624
0.94624
0.94624","2025-03-10
2025-03-10
2025-03-10
2025-03-10"
38,panacea,"萬靈藥
萬能解決方案","0.94624
0.94624","2025-03-10
2025-03-10"
39,polemical,"爭論的
論戰的
好辯的","0.94624
0.94624
0.94624","2025-03-10
2025-03-10
2025-03-10"
40,qualify,"使具備資格
限定
修飾
證明合格
取得資格","0.94624
0.94624
0.94624
0.94624
0.94624","2025-03-10
2025-03-10
2025-03-10
2025-03-10
2025-03-10"
41,reticent,"沉默寡言的
不愛說話的
有保留的","0.94624
0.94624
0.94624","2025-03-10
2025-03-10
2025-03-10"
42,inimical,"敵意的
不友好的
有害的
不利的","0.94624
0.94624
0.94624
0.94624","2025-03-10
2025-03-10
2025-03-10
2025-03-10"
43,arbitrary,"任意的
武斷的
隨意的
專橫的","0.81824
0.81824
0.81824
0.81824","2025-03-09
2025-03-09
2025-03-09
2025-03-09"
44,augment,"增加
擴大
提高","0.94624
0.94624
0.94624","2025-03-10
2025-03-10
2025-03-10"
45,disdain,"輕蔑
鄙視","0.79610112
0.79610112","2025-03-07
2025-03-07"
46,orthodox,"正統的
傳統的
公認的","0.94624
0.94624
0.94624","2025-03-10
2025-03-10
2025-03-10"
47,obfuscate,"使模糊
使混淆
使困惑","0.94624
0.94624
0.94624","2025-03-10
2025-03-10
2025-03-10"
48,disingenuous,"不真誠的
不坦率的
虛偽的","0.94624
0.94624
0.94624","2025-03-10
2025-03-10
2025-03-10"
49,conjecture,"推測
猜想
臆測","0.94624
0.94624
0.94624","2025-03-10
2025-03-10
2025-03-10"
50,pellucid,"清澈的
透明的
清晰的
易懂的","0.94624
0.94624
0.94624
0.94624","2025-03-10
2025-03-10
2025-03-10
2025-03-10"
51,disparate,"截然不同的
不相干的","0.842656
0.842656","2025-03-10
2025-03-10"
52,explicit,"明確的
清楚的
直言不諱的","0.94624
0.94624
0.94624","2025-03-10
2025-03-10
2025-03-10"
53,scrutinize,"仔細檢查
詳細審查
嚴密監視","0.94624
0.94624
0.94624","2025-03-10
2025-03-10
2025-03-10"
54,synthesize,"合成
綜合
歸納","0.94624
0.94624
0.94624","2025-03-10
2025-03-10
2025-03-10"
55,trepidation,"恐懼
不安
驚恐","0.94624
0.94624
0.94624","2025-03-10
2025-03-10
2025-03-10"
56,pervasive,"普遍的
彌漫的
滲透的","0.94624
0.94624
0.94624","2025-03-10
2025-03-10
2025-03-10"
57,fastidious,"挑剔的
講究的
苛求的
過於講究細節的","0.9087616
0.9087616
0.9087616
0.9087616","2025-02-27
2025-02-27
2025-02-27
2025-02-27"
58,ostensible,"表面的
假裝的
聲稱的","0.94624
0.94624
0.94624","2025-03-10
2025-03-10
2025-03-10"
59,trivial,"瑣碎的
不重要的
微不足道的","0.94624
0.94624
0.94624","2025-03-10
2025-03-10
2025-03-10"
60,idiosyncratic,"特質的
獨特的
古怪的","0.94624
0.94624
0.94624","2025-03-10
2025-03-10
2025-03-10"
61,eclectic,"折衷的
兼容並蓄的
廣泛的","0.9328
0.9328
0.9328","2025-03-09
2025-03-09
2025-03-09"
62,laconic,"簡潔的
言簡意賅的
不愛說話的","0.94624
0.94624
0.94624","2025-03-10
2025-03-10
2025-03-10"
63,partisan,"黨派的
偏袒的
黨徒
游擊隊員","0.94624
0.94624
0.94624
0.94624","2025-03-10
2025-03-10
2025-03-10
2025-03-10"
64,suppress,"鎮壓
抑制
壓制
忍住","0.94624
0.94624
0.94624
0.94624","2025-03-10
2025-03-10
2025-03-10
2025-03-10"
65,erudite,"博學的
有學問的","0.796992
0.796992","2025-03-10
2025-03-10"
66,abstruse,"深奧的
難懂的","0.94624
0.94624","2025-03-10
2025-03-10"
67,ambivalent,"矛盾的
模稜兩可的
猶豫不決的","0.8836736
0.8836736
0.8836736","2025-06-28
2025-06-28
2025-06-28"
68,veritable,"真正的
名副其實的
不折不扣的","0.94624
0.94624
0.94624","2025-03-10
2025-03-10
2025-03-10"
69,arcane,"神秘的
秘傳的
難以理解的","0.8836736
0.8836736
0.8836736","2025-06-22
2025-06-22
2025-06-22"
70,paradigm,"典範
範例
模式
範式","0.94624
0.94624
0.94624
0.94624","2025-03-10
2025-03-10
2025-03-10
2025-03-10"
71,sarcastic,"諷刺的
挖苦的
嘲諷的","0.94624
0.94624
0.94624","2025-03-10
2025-03-10
2025-03-10"
72,audacious,"大膽的
無畏的
魯莽的
放肆的","0.94624
0.94624
0.94624
0.94624","2025-03-10
2025-03-10
2025-03-10
2025-03-10"
73,benign,"良性的
溫和的
和藹的
慈祥的","0.94624
0.94624
0.94624
0.94624","2025-03-10
2025-03-10
2025-03-10
2025-03-10"
74,candid,"坦率的
直言不諱的
真誠的","0.94624
0.94624
0.94624","2025-03-10
2025-03-10
2025-03-10"
75,condemn,"譴責
判刑
註定（失敗或受損）","0.94624
0.94624
0.94624","2025-03-10
2025-03-10
2025-03-10"
76,equivocal,"模棱兩可的
含糊不清的
可疑的
不確定的","0.94624
0.94624
0.94624
0.94624","2025-03-10
2025-03-10
2025-03-10
2025-03-10"
77,aesthetic,"美學的
藝術的
審美的","0.94624
0.94624
0.94624","2025-03-10
2025-03-10
2025-03-10"
78,engender,"產生
引起
導致","0.94624
0.94624
0.94624","2025-03-10
2025-03-10
2025-03-10"
79,ameliorate,"改善
改良
使好轉","0.94624
0.94624
0.94624","2025-03-10
2025-03-10
2025-03-10"
80,comprehensive,"全面的
綜合的
廣泛的","0.94624
0.94624
0.94624","2025-03-10
2025-03-10
2025-03-10"
81,circumscribe,"限制
約束
劃定範圍","0.94624
0.94624
0.94624","2025-03-10
2025-03-10
2025-03-10"
82,antithetical,"對立的
截然相反的","0.94624
0.94624","2025-03-10
2025-03-10"
83,verified,"核實的
證實的
經核對無誤的","0.94624
0.94624
0.94624","2025-06-22
2025-06-22
2025-06-22"
84,vitiate,"損害
削弱
使無效
敗壞","0.94624
0.94624
0.94624
0.94624","2025-06-22
2025-06-22
2025-06-22
2025-06-22"
85,adulation,"奉承
諂媚
過度讚揚","0.94624
0.94624
0.94624","2025-06-22
2025-06-22
2025-06-22"
86,garrulous,"多話的
饒舌的
喋喋不休的","0.871744
0.871744
0.871744","2025-06-22
2025-06-22
2025-06-22"
87,loathe,"厭惡
憎恨
討厭","0.94624
0.94624
0.94624","2025-06-22
2025-06-22
2025-06-22"
88,whimsical,"異想天開的
古怪的
反覆無常的","0.828992
0.828992
0.828992","2025-03-04
2025-03-04
2025-03-04"
89,zealous,"熱心的
熱情的
積極的","0.94624
0.94624
0.94624","2025-06-22
2025-06-22
2025-06-22"
90,deft,"靈巧的
熟練的
敏捷的","0.871744
0.871744
0.871744","2025-06-22
2025-06-22
2025-06-22"
91,benefactor,"捐助者
恩人
贊助人","0.871744
0.871744
0.871744","2025-06-22
2025-06-22
2025-06-22"
92,reciprocity,"互惠
相互作用
對等","0.94624
0.94624
0.94624","2025-06-22
2025-06-22
2025-06-22"
93,solicit,"懇求
招攬
徵求","0.94624
0.94624
0.94624","2025-06-22
2025-06-22
2025-06-22"
94,recondite,"深奧的
難懂的
隱晦的","0.871744
0.871744
0.871744","2025-06-22
2025-06-22
2025-06-22"
95,preempt,"搶先
取代
預先佔有","0.94624
0.94624
0.94624","2025-06-22
2025-06-22
2025-06-22"
96,homogeneous,"同質的
均勻的
相同性質的","0.94624
0.94624
0.94624","2025-06-22
2025-06-22
2025-06-22"
97,ingenuous,"天真的
坦率的
單純的","0.911224
0.911224
0.911224","2025-06-28
2025-06-28
2025-06-28"
98,insular,"島嶼的
孤立的
狹隘的","0.94624
0.94624
0.94624","2025-06-22
2025-06-22
2025-06-22"
99,relinquish,"放棄
讓出
交出","0.94624
0.94624
0.94624","2025-06-22
2025-06-22
2025-06-22"
100,elude,"逃避
躲避
使困惑","0.871744
0.871744
0.871744","2025-06-22
2025-06-22
2025-06-22"
101,magnanimous,"寬宏大量的
大度的
慷慨的","0.871744
0.871744
0.871744","2025-06-22
2025-06-22
2025-06-22"
102,plenitude,"充足
豐盛
大量","0.94624
0.94624
0.94624","2025-06-22
2025-06-22
2025-06-22"
103,precarious,"不穩定的
危險的
岌岌可危的","0.94624
0.94624
0.94624","2025-06-22
2025-06-22
2025-06-22"
104,approbation,"批准
贊同
認可","0.94624
0.94624
0.94624","2025-06-22
2025-06-22
2025-06-22"
105,pugnacious,"好鬥的
好戰的","0.796992
0.796992","2025-06-22
2025-06-22"
106,corroborate,"證實
確證
支持","0.871744
0.871744
0.871744","2025-06-22
2025-06-22
2025-06-22"
107,transcendent,"超越的
卓越的
非凡的
超然的","0.871744
0.871744
0.871744
0.871744","2025-06-22
2025-06-22
2025-06-22
2025-06-22"
108,circumspect,"謹慎的
周密的
審慎的","0.871744
0.871744
0.871744","2025-06-22
2025-06-22
2025-06-22"
109,tendentious,"有偏見的
有傾向的
有目的的","0.7693952
0.7693952
0.7693952","2025-06-28
2025-06-28
2025-06-28"
110,temperate,"溫和的
有節制的
適度的","0.871744
0.871744
0.871744","2025-06-22
2025-06-22
2025-06-22"
111,intrigue,"密謀
詭計
激起…的興趣
吸引","0.94624
0.94624
0.94624
0.94624","2025-06-22
2025-06-22
2025-06-22
2025-06-22"
112,extravagant,"奢侈的
浪費的
過度的
不切實際的","0.8462464
0.8462464
0.8462464
0.8462464","2025-06-28
2025-06-28
2025-06-28
2025-06-28"
113,verbose,"囉嗦的
冗長的
囉唆的","0.94624
0.94624
0.94624","2025-06-22
2025-06-22
2025-06-22"
114,obviate,"排除
避免
消除(困難、需要等)","0.871744
0.871744
0.871744","2025-06-22
2025-06-22
2025-06-22"
115,abridge,"縮短
節略
刪節","0.94624
0.94624
0.94624","2025-06-22
2025-06-22
2025-06-22"
116,analogous,"類似的
可比擬的
相似的","0.94624
0.94624
0.94624","2025-06-22
2025-06-22
2025-06-22"
117,discontinuity,"不連續性
間斷
中斷","0.83968
0.83968
0.83968","2025-06-22
2025-06-22
2025-06-22"
118,intrinsic,"內在的
固有的
本質的
本來的","0.94624
0.94624
0.94624
0.94624","2025-06-22
2025-06-22
2025-06-22
2025-06-22"
119,lugubrious,"悲傷的
憂鬱的
陰鬱的
悲哀的","0.83968
0.83968
0.83968
0.83968","2025-06-22
2025-06-22
2025-06-22
2025-06-22"
120,lurid,"駭人聽聞的
聳人聽聞的
色彩鮮艷得令人不悅的
（天空、火焰等）火紅色的","0.89776384
0.89776384
0.89776384
0.89776384","2025-06-22
2025-06-22
2025-06-22
2025-06-22"
121,substantiate,"證實
證明","0.94624
0.94624","2025-06-22
2025-06-22"
122,torpor,"麻木
不活躍
遲鈍","0.94624
0.94624
0.94624","2025-06-22
2025-06-22
2025-06-22"
123,truculent,"好鬥的
野蠻的
殘酷的","0.83968
0.83968
0.83968","2025-06-22
2025-06-22
2025-06-22"
124,ubiquitous,"無處不在的
普遍存在的","0.83968
0.83968","2025-06-22
2025-06-22"
125,prodigal,"揮霍的
浪費的
慷慨的（舊用法）
豐富的，大量的（舊用法）","0.7693952
0.7693952
0.7693952
0.7693952","2025-06-28
2025-06-28
2025-06-28
2025-06-28"
126,articulate,"表達清楚的（形容詞）
口齒清楚的（形容詞）
清晰地表達（動詞）
發音（動詞）
用關節連接（動詞）","0.94624
0.94624
0.94624
0.94624
0.94624","2025-06-22
2025-06-22
2025-06-22
2025-06-22
2025-06-22"
127,authoritative,"權威性的
可信的
專斷的","0.871744
0.871744
0.871744","2025-06-22
2025-06-22
2025-06-22"
128,censure,"譴責（動詞）
嚴厲批評（動詞）
譴責（名詞）
批評（名詞）","0.8462464
0.8462464
0.8462464
0.8462464","2025-06-28
2025-06-28
2025-06-28
2025-06-28"
129,reconcile,"調和
使和解
使一致
使接受","0.94624
0.94624
0.94624
0.94624","2025-06-22
2025-06-22
2025-06-22
2025-06-22"
130,excoriate,"痛斥
嚴厲批評
剝皮（醫學或生物學用語）","0.94624
0.94624
0.94624","2025-06-22
2025-06-22
2025-06-22"
131,didactic,"說教的
教誨的
有教育意義的","0.871744
0.871744
0.871744","2025-06-22
2025-06-22
2025-06-22"
132,equivalent,"等價的（形容詞）
相等的（形容詞）
等同物（名詞）","0.871744
0.871744
0.871744","2025-06-22
2025-06-22
2025-06-22"
133,conformity,"遵從
符合
一致","0.8462464
0.8462464
0.8462464","2025-06-28
2025-06-28
2025-06-28"
134,frivolous,"輕浮的
不重要的
無聊的","0.871744
0.871744
0.871744","2025-06-22
2025-06-22
2025-06-22"
135,ingenious,"足智多謀的
精巧的
新穎獨創的","0.94624
0.94624
0.94624","2025-06-22
2025-06-22
2025-06-22"
136,germane,"有密切關係的
中肯的","0.94624
0.94624","2025-06-22
2025-06-22"
137,abhorrent,"可憎的
令人厭惡的
與…背道而馳的","0.8462464
0.8462464
0.8462464","2025-06-28
2025-06-28
2025-06-28"
138,transitory,"短暫的
暫時的","0.8462464
0.8462464","2025-06-28
2025-06-28"
139,objective,"客觀的
不帶偏見的
目標
目的","0.94624
0.94624
0.94624
0.94624","2025-06-22
2025-06-22
2025-06-22
2025-06-22"
140,loquacious,"話多的
饒舌的","0.871744
0.871744","2025-06-22
2025-06-22"
141,mediocre,"普通的
平庸的
不好不壞的","0.871744
0.871744
0.871744","2025-06-22
2025-06-22
2025-06-22"
142,disparage,"貶低
輕視","0.8462464
0.8462464","2025-06-28
2025-06-28"
143,impartial,"公正的
不偏不倚的","0.94624
0.94624","2025-06-22
2025-06-22"
144,antipathy,"反感
厭惡","0.871744
0.871744","2025-06-22
2025-06-22"
145,dispassionate,"冷靜的
客觀的
不帶感情的","0.8462464
0.8462464
0.8462464","2025-06-28
2025-06-28
2025-06-28"
146,perpetuate,"使永存
使持續","0.94624
0.94624","2025-06-22
2025-06-22"
147,plausible,"貌似有理的
貌似真實的","0.94624
0.94624","2025-06-22
2025-06-22"
148,imprudent,"輕率的
不謹慎的
不明智的","0.7373952
0.7373952
0.7373952","2025-06-22
2025-06-22
2025-06-22"
149,rigid,"堅硬的
不彎曲的
嚴格的
死板的
不變通的","0.94624
0.94624
0.94624
0.94624
0.94624","2025-06-22
2025-06-22
2025-06-22
2025-06-22
2025-06-22"
150,condescending,"傲慢的
輕視的
屈尊俯就的","0.908773888
0.908773888
0.908773888","2025-02-27
2025-02-27
2025-02-27"
151,inconsequential,"不重要的
微不足道的
不合邏輯的","0.90516736
0.90516736
0.90516736","2025-02-27
2025-02-27
2025-02-27"
152,subside,"平息
消退
下沉
減弱","0.90516736
0.90516736
0.90516736
0.90516736","2025-02-27
2025-02-27
2025-02-27
2025-02-27"
153,restrain,"抑制
克制
約束
阻止","0.8838243328
0.8838243328
0.8838243328
0.8838243328","2025-06-22
2025-06-22
2025-06-22
2025-06-22"
154,portend,"預示
預兆","0.8928584704
0.8928584704","2025-06-22
2025-06-22"
155,improvise,"即興創作
臨時湊合
權宜之計","0.90516736
0.90516736
0.90516736","2025-02-27
2025-02-27
2025-02-27"
156,bolster,"支持
加強
改善
墊子","0.908773888
0.908773888
0.908773888
0.908773888","2025-02-27
2025-02-27
2025-02-27
2025-02-27"
157,disinterested,"公正無私的
客觀的
不感興趣的","0.90516736
0.90516736
0.90516736","2025-02-27
2025-02-27
2025-02-27"
158,fathom,"理解
弄懂
測量（水深）","0.90516736
0.90516736
0.90516736","2025-02-27
2025-02-27
2025-02-27"
159,flout,"藐視
嘲弄
公然違抗","0.7903123456
0.7903123456
0.7903123456","2025-03-07
2025-03-07
2025-03-07"
160,frugal,"節儉的
節約的","0.868183511
0.868183511","2025-06-22
2025-06-22"
161,hackneyed,"老生常談的
陳腐的
了無新意的","0.90516736
0.90516736
0.90516736","2025-02-27
2025-02-27
2025-02-27"
162,lethargic,"昏睡的
無精打采的
遲鈍的","0.90516736
0.90516736
0.90516736","2025-02-27
2025-02-27
2025-02-27"
163,parsimonious,"吝嗇的
過於節儉的","0.9040724992
0.9040724992","2025-02-27
2025-02-27"
164,peculiar,"奇怪的
獨特的
特有的","0.90516736
0.90516736
0.90516736","2025-02-27
2025-02-27
2025-02-27"
165,prerequisite,"先決條件
前提","0.90516736
0.90516736","2025-02-27
2025-02-27"
166,shun,"避開
迴避
躲避","0.8814592
0.8814592
0.8814592","2025-02-27
2025-02-27
2025-02-27"
167,spurious,"假的
偽造的
不真實的","0.9096832
0.9096832
0.9096832","2025-06-28
2025-06-28
2025-06-28"
168,supplement,"補充
增補
補給品
補充物","0.9096832
0.9096832
0.9096832
0.9096832","2025-06-28
2025-06-28
2025-06-28
2025-06-28"
169,vacillate,"猶豫不決
躊躇
搖擺不定","0.772861399
0.772861399
0.772861399","2025-03-09
2025-03-09
2025-03-09"
170,exigent,"緊急的
迫切的
苛求的","0.9096832
0.9096832
0.9096832","2025-06-28
2025-06-28
2025-06-28"
171,altruism,"利他主義
無私","0.9096832
0.9096832","2025-06-28
2025-06-28"
172,inept,"笨拙的
不稱職的
無能的","0.879675904
0.879675904
0.879675904","2025-06-28
2025-06-28
2025-06-28"
173,concede,"承認
讓步
允許","0.8357929984
0.8357929984
0.8357929984","2025-03-10
2025-03-10
2025-03-10"
174,precedent,"先例
範例","0.9096832
0.9096832","2025-06-28
2025-06-28"
175,precursor,"先驅
前兆
前身","0.7096832
0.7096832
0.7096832","2025-06-28
2025-06-28
2025-06-28"
176,facetious,"滑稽的
輕浮的
不認真的","0.7096832
0.7096832
0.7096832","2025-06-28
2025-06-28
2025-06-28"
177,deference,"尊重
敬意
順從","0.879675904
0.879675904
0.879675904","2025-06-28
2025-06-28
2025-06-28"
178,peripheral,"周邊的
次要的
邊緣的","0.79974656
0.79974656
0.79974656","2025-06-22
2025-06-22
2025-06-22"
179,diffuse,"散佈
擴散
傳播
冗長的
不集中的","0.9096832
0.9096832
0.9096832
0.9096832
0.9096832","2025-06-28
2025-06-28
2025-06-28
2025-06-28
2025-06-28"
180,congenial,"意氣相投的
性格相近的
適意的
舒適的","0.7496832
0.7496832
0.7496832
0.7496832","2025-03-10
2025-03-10
2025-03-10
2025-03-10"
181,aggrandize,"擴大…的權勢（或地位、財富）
增加…的重要性
吹捧
誇大","0.9096832
0.9096832
0.9096832
0.9096832","2025-06-28
2025-06-28
2025-06-28
2025-06-28"
182,alleviate,"減輕
緩解（疼痛、困難等）","0.9096832
0.9096832","2025-06-28
2025-06-28"
183,lucrative,"賺錢的
有利可圖的","0.9096832
0.9096832","2025-06-28
2025-06-28"
184,innovative,"創新的
新穎的","0.9096832
0.9096832","2025-06-28
2025-06-28"
185,anonymity,"匿名
不具名","0.879675904
0.879675904","2025-06-28
2025-06-28"
186,compatible,"相容的
協調的
合得來的","0.9096832
0.9096832
0.9096832","2025-06-28
2025-06-28
2025-06-28"
187,impede,"阻礙
妨礙","0.9096832
0.9096832","2025-06-28
2025-06-28"
188,pedestrian,"行人
徒步的
（文章、藝術等）平淡無奇的
乏味的","0.9096832
0.9096832
0.9096832
0.9096832","2025-06-28
2025-06-28
2025-06-28
2025-06-28"
189,impetuous,"衝動的
魯莽的
性急的","0.9114443776
0.9114443776
0.9114443776","2025-06-28
2025-06-28
2025-06-28"
190,complacent,"自滿的
沾沾自喜的","0.7096832
0.7096832","2025-06-28
2025-06-28"
191,inexplicable,"無法解釋的
費解的","0.9037407232
0.9037407232","2025-06-28
2025-06-28"
192,replicate,"複製
重複","0.8928584704
0.8928584704","2025-06-22
2025-06-22"
193,apprehend,"逮捕
理解
領會
擔心
憂慮","0.9096832
0.9096832
0.9096832
0.9096832
0.9096832","2025-06-28
2025-06-28
2025-06-28
2025-06-28
2025-06-28"
194,pristine,"原始的
未被破壞的
嶄新的
潔淨的","0.9096832
0.9096832
0.9096832
0.9096832","2025-06-28
2025-06-28
2025-06-28
2025-06-28"
195,derivative,"派生的
衍生的
缺乏獨創性的
衍生產品","0.9096832
0.9096832
0.9096832
0.9096832","2025-06-28
2025-06-28
2025-06-28
2025-06-28"
196,conscientious,"認真的
盡責的
憑良心的","0.9037407232
0.9037407232
0.9037407232","2025-06-28
2025-06-28
2025-06-28"
197,assert,"斷言
堅稱
維護
主張（權利等）
表現（自己）","0.9096832
0.9096832
0.9096832
0.9096832
0.9096832","2025-06-28
2025-06-28
2025-06-28
2025-06-28
2025-06-28"
198,consistent,"一貫的
始終如一的
一致的
符合的","0.89402176
0.89402176
0.89402176
0.89402176","2025-06-22
2025-06-22
2025-06-22
2025-06-22"
199,insolent,"傲慢的
無禮的
侮辱性的","0.8716352238
0.8716352238
0.8716352238","2025-06-22
2025-06-22
2025-06-22"
200,conspicuous,"顯眼的
引人注目的
明顯的","0.90637696
0.90637696
0.90637696","2025-06-22
2025-06-22
2025-06-22"
201,distortion,"扭曲
變形
曲解
失真","0.8928584704
0.8928584704
0.8928584704
0.8928584704","2025-06-22
2025-06-22
2025-06-22
2025-06-22"
202,intricate,"錯綜複雜的
盤根錯節的
複雜精細的","0.8740814234
0.8740814234
0.8740814234","2025-06-22
2025-06-22
2025-06-22"
203,inadvertent,"無意的
不經意的
疏忽的","0.8101068186
0.8101068186
0.8101068186","2025-03-09
2025-03-09
2025-03-09"
204,viable,"可行的
能獨立生存的
能養活的","0.8928584704
0.8928584704
0.8928584704","2025-06-22
2025-06-22
2025-06-22"
205,buoyant,"有浮力的
能浮起的
輕快的
活潑的
繁榮的
上漲的","0.9096832
0.9096832
0.9096832
0.9096832
0.9096832
0.9096832","2025-06-28
2025-06-28
2025-06-28
2025-06-28
2025-06-28
2025-06-28"
206,empiricism,"經驗主義
經驗論","0.9096832
0.9096832","2025-06-28
2025-06-28"
207,exuberant,"熱情的
精力充沛的
繁茂的
豐富的","0.9096832
0.9096832
0.9096832
0.9096832","2025-06-28
2025-06-28
2025-06-28
2025-06-28"
208,fickle,"變幻無常的
浮躁的
易變的","0.88436992
0.88436992
0.88436992","2025-06-22
2025-06-22
2025-06-22"
209,inhibited,"拘謹的
內向的
壓抑的
受抑制的","0.8928584704
0.8928584704
0.8928584704
0.8928584704","2025-06-22
2025-06-22
2025-06-22
2025-06-22"
210,intelligible,"可理解的
明白易懂的","0.8473384096
0.8473384096","2025-03-08
2025-03-08"
211,opprobrium,"公開的譴責
恥辱","0.9114443776
0.9114443776","2025-06-28
2025-06-28"
212,pretentious,"炫耀的
做作的
自命不凡的","0.9096832
0.9096832
0.9096832","2025-06-28
2025-06-28
2025-06-28"
213,rancor,"深仇
積怨","0.9096832
0.9096832","2025-06-28
2025-06-28"
214,reiterate,"重申
反復地說","0.9096832
0.9096832","2025-06-28
2025-06-28"
215,restive,"焦躁不安的
難以控制的","0.879675904
0.879675904","2025-02-27
2025-02-27"
216,undercut,"削弱
以低價競爭","0.9096832
0.9096832","2025-06-28
2025-06-28"
217,veneration,"尊敬
崇敬","0.9096832
0.9096832","2025-06-28
2025-06-28"
218,acrimonious,"尖刻的
刻薄的","0.8928584704
0.8928584704","2025-06-22
2025-06-22"
219,acrimony,"尖刻
刻薄","0.9096832
0.9096832","2025-06-28
2025-06-28"
220,exacting,"嚴格的
要求高的
費力的","0.849509421
0.849509421
0.849509421","2025-06-28
2025-06-28
2025-06-28"
221,antagonistic,"敵對的
對抗的","0.9096832
0.9096832","2025-06-28
2025-06-28"
222,apt,"恰當的
合適的
有…傾向的
聰明的","0.8928584704
0.8928584704
0.8928584704
0.8928584704","2025-06-22
2025-06-22
2025-06-22
2025-06-22"
223,embellish,"裝飾
美化
添油加醋","0.9096832
0.9096832
0.9096832","2025-06-28
2025-06-28
2025-06-28"
224,recapitulate,"概括
總結
重述要點","0.9096832
0.9096832
0.9096832","2025-06-28
2025-06-28
2025-06-28"
225,captious,"吹毛求疵的
愛挑剔的","0.9096832
0.9096832","2025-06-28
2025-06-28"
226,excavate,"挖掘
開鑿
挖出（古物等）","0.9096832
0.9096832
0.9096832","2025-06-28
2025-06-28
2025-06-28"
227,censorious,"嚴厲批評的
苛責的","0.8940419818
0.8940419818","2025-06-22
2025-06-22"
228,anachromistic,"時代錯誤的
不合時宜的","0.747495936
0.747495936","2025-06-22
2025-06-22"
229,encumber,"阻礙
妨礙
使負擔","0.9096832
0.9096832
0.9096832","2025-06-28
2025-06-28
2025-06-28"
230,dichotomy,"二分法
對立
一分為二","0.8928584704
0.8928584704
0.8928584704","2025-06-22
2025-06-22
2025-06-22"
231,dogmatism,"教條主義
武斷","0.9096832
0.9096832","2025-06-28
2025-06-28"
232,adequate,"足夠的
充足的
合格的","0.9096832
0.9096832
0.9096832","2025-06-28
2025-06-28
2025-06-28"
233,feckless,"無效的
無能的
不負責任的","0.8764744704
0.8764744704
0.8764744704","2025-06-28
2025-06-28
2025-06-28"
234,grandiose,"宏偉的
堂皇的
誇大的
華而不實的","0.747495936
0.747495936
0.747495936
0.747495936","2025-06-22
2025-06-22
2025-06-22
2025-06-22"
235,incongruous,"不協調的
不相稱的
不適宜的","0.9096832
0.9096832
0.9096832","2025-06-28
2025-06-28
2025-06-28"
236,emulate,"模仿
努力趕上
競爭","0.8928584704
0.8928584704
0.8928584704","2025-06-22
2025-06-22
2025-06-22"
237,judicious,"明智的
審慎的
有判斷力的","0.9096832
0.9096832
0.9096832","2025-06-28
2025-06-28
2025-06-28"
238,mandate,"授權
委任
命令
職權範圍","0.9096832
0.9096832
0.9096832
0.9096832","2025-06-28
2025-06-28
2025-06-28
2025-06-28"
239,mandatory,"強制性的
義務的
命令的","0.8928584704
0.8928584704
0.8928584704","2025-06-22
2025-06-22
2025-06-22"
240,mendacious,"說謊的
虛假的
不真實的","0.8913973453
0.8913973453
0.8913973453","2025-06-22
2025-06-22
2025-06-22"
241,abnegate,"放棄
捨棄
拒絕","0.8928584704
0.8928584704
0.8928584704","2025-06-22
2025-06-22
2025-06-22"
242,notoriety,"惡名昭彰
臭名","0.9096832
0.9096832","2025-06-28
2025-06-28"
243,optimistic,"樂觀的
樂觀主義的","0.9096832
0.9096832","2025-06-28
2025-06-28"
244,impassioned,"熱情的
充滿激情的
激昂的","0.8928584704
0.8928584704
0.8928584704","2025-06-22
2025-06-22
2025-06-22"
245,expedient,"權宜之計的
有利的
合適的
權宜之計","0.9096832
0.9096832
0.9096832
0.9096832","2025-06-28
2025-06-28
2025-06-28
2025-06-28"
246,compelling,"引人注目的
令人信服的
強制的
很有說服力的","0.9096832
0.9096832
0.9096832
0.9096832","2025-03-04
2025-03-04
2025-03-04
2025-03-04"
247,implacable,"難以和解的
無法平息的
不屈不撓的
無情的","0.878017024
0.878017024
0.878017024
0.878017024","2025-06-28
2025-06-28
2025-06-28
2025-06-28"
248,duplicity,"口是心非
兩面派
欺騙","0.876635824
0.876635824
0.876635824","2025-06-28
2025-06-28
2025-06-28"
249,salutary,"有益健康的
有益的","0.8742783232
0.8742783232","2025-06-22
2025-06-22"
250,schism,"分裂
宗派分裂
派系","0.8814592
0.8814592
0.8814592","2025-02-27
2025-02-27
2025-02-27"
251,consensus,"共識
一致意見","0.8928584704
0.8928584704","2025-06-22
2025-06-22"
252,insipid,"無味的
枯燥乏味的
缺乏個性的","0.8814592
0.8814592
0.8814592","2025-02-27
2025-02-27
2025-02-27"
253,consolidate,"鞏固
合併
加強
使堅固","0.907360768
0.907360768
0.907360768
0.907360768","2025-06-22
2025-06-22
2025-06-22
2025-06-22"
254,detached,"分離的
超然的
客觀的
不介入的","0.9096832
0.9096832
0.9096832
0.9096832","2025-06-28
2025-06-28
2025-06-28
2025-06-28"
255,abstemious,"有節制的
禁慾的
飲食有度的","0.8406689186
0.8406689186
0.8406689186","2025-03-08
2025-03-08
2025-03-08"
256,intimidate,"恐嚇
威嚇
脅迫","0.9096832
0.9096832
0.9096832","2025-06-28
2025-06-28
2025-06-28"
257,monotonous,"單調乏味的
無聊的
缺乏變化的","0.9096832
0.9096832
0.9096832","2025-06-28
2025-06-28
2025-06-28"
258,intractable,"難駕馭的
難處理的
倔強的","0.90290944
0.90290944
0.90290944","2025-03-09
2025-03-09
2025-03-09"
259,evade,"逃避
規避
躲避","0.879675904
0.879675904
0.879675904","2025-02-27
2025-02-27
2025-02-27"
260,evanescent,"轉瞬即逝的
瞬間消失的
易逝的","0.9096832
0.9096832
0.9096832","2025-06-28
2025-06-28
2025-06-28"
261,vapid,"乏味的
無趣的
枯燥的","0.9096832
0.9096832
0.9096832","2025-06-28
2025-06-28
2025-06-28"
262,virtuosity,"精湛技藝
高超技巧
藝術才能","0.9096832
0.9096832
0.9096832","2025-06-28
2025-06-28
2025-06-28"
263,artful,"巧妙的
狡猾的
詭計多端的","0.9096832
0.9096832
0.9096832","2025-06-28
2025-06-28
2025-06-28"
264,astute,"敏銳的
精明的
機敏的","0.88436992
0.88436992
0.88436992","2025-06-22
2025-06-22
2025-06-22"
265,austere,"嚴峻的
樸素的
簡樸的
禁慾的","0.9096832
0.9096832
0.9096832
0.9096832","2025-06-28
2025-06-28
2025-06-28
2025-06-28"
266,avarice,"貪婪
貪財","0.9096832
0.9096832","2025-06-28
2025-06-28"
267,banal,"陳腐的
平庸的
老套的","0.8928584704
0.8928584704
0.8928584704","2025-06-22
2025-06-22
2025-06-22"
268,bland,"溫和的
乏味的
清淡的
無刺激性的","0.8928584704
0.8928584704
0.8928584704
0.8928584704","2025-06-22
2025-06-22
2025-06-22
2025-06-22"
269,calamity,"災難
不幸事件
禍患","0.903232
0.903232
0.903232","2025-03-09
2025-03-09
2025-03-09"
270,contest,"競賽
爭奪
駁斥
質疑","0.903232
0.903232
0.903232
0.903232","2025-03-09
2025-03-09
2025-03-09
2025-03-09"
271,daunting,"令人氣餒的
使人畏懼的
艱鉅的","0.903232
0.903232
0.903232","2025-03-09
2025-03-09
2025-03-09"
272,downplay,"輕描淡寫
貶低
不予重視","0.903232
0.903232
0.903232","2025-03-09
2025-03-09
2025-03-09"
273,ebb,"退潮
衰退
減弱","0.870976
0.870976
0.870976","2025-06-22
2025-06-22
2025-06-22"
274,embody,"體現
具體表現
包含","0.870976
0.870976
0.870976","2025-06-22
2025-06-22
2025-06-22"
275,extraneous,"無關的
外部的
外來的","0.870976
0.870976
0.870976","2025-06-22
2025-06-22
2025-06-22"
276,fluctuate,"波動
起伏
變動","0.9129088
0.9129088
0.9129088","2025-06-28
2025-06-28
2025-06-28"
277,forbear,"克制
忍耐
避免","0.870976
0.870976
0.870976","2025-06-22
2025-06-22
2025-06-22"
278,hamper,"阻礙
妨礙
束縛","0.870976
0.870976
0.870976","2025-06-22
2025-06-22
2025-06-22"
279,impenetrable,"不可穿透的
難以理解的
費解的","0.90120448
0.90120448
0.90120448","2025-06-22
2025-06-22
2025-06-22"
280,indulgent,"縱容的
放縱的
寬容的","0.8967808
0.8967808
0.8967808","2025-06-22
2025-06-22
2025-06-22"
281,lament,"哀悼
悲嘆
悔恨","0.8967808
0.8967808
0.8967808","2025-06-22
2025-06-22
2025-06-22"
282,oblivious,"未察覺的
健忘的
不注意的","0.8967808
0.8967808
0.8967808","2025-06-22
2025-06-22
2025-06-22"
283,provincial,"地方的
省的
狹隘的
守舊的","0.8967808
0.8967808
0.8967808
0.8967808","2025-06-22
2025-06-22
2025-06-22
2025-06-22"
284,quixotic,"堂吉訶德式的
不切實際的
理想主義的","0.8967808
0.8967808
0.8967808","2025-06-22
2025-06-22
2025-06-22"
285,stymie,"阻撓
妨礙
使陷入困境","0.90120448
0.90120448
0.90120448","2025-02-27
2025-02-27
2025-02-27"
286,unctuous,"油腔滑調的
虛情假意的
過於殷勤的","0.831539712
0.831539712
0.831539712","2025-06-28
2025-06-28
2025-06-28"
287,hierarchy,"層級制度
等級制度
階層","0.8928584704
0.8928584704
0.8928584704","2025-06-22
2025-06-22
2025-06-22"
288,callous,"無情的
冷酷的
麻木不仁的","0.9096832
0.9096832
0.9096832","2025-06-28
2025-06-28
2025-06-28"
289,precede,"在...之前
先於
領先","0.9096832
0.9096832
0.9096832","2025-06-28
2025-06-28
2025-06-28"
290,elicit,"引出
引起
誘出","0.9096832
0.9096832
0.9096832","2025-06-28
2025-06-28
2025-06-28"
291,clandestine,"秘密的
暗中的
隱蔽的","0.9096832
0.9096832
0.9096832","2025-06-28
2025-06-28
2025-06-28"
292,conciliatory,"和解的
調和的
安撫的","0.6764744704
0.6764744704
0.6764744704","2025-06-28
2025-06-28
2025-06-28"
293,aristocrat,"貴族
貴族成員","0.9096832
0.9096832","2025-06-28
2025-06-28"
294,discrepancy,"差異
不一致
矛盾","0.8490632522
0.8490632522
0.8490632522","2025-03-09
2025-03-09
2025-03-09"
295,discrete,"分離的
不連續的
單獨的","0.9096832
0.9096832
0.9096832","2025-06-28
2025-06-28
2025-06-28"
296,discretion,"謹慎
慎重
判斷力
自由決定權","0.88436992
0.88436992
0.88436992
0.88436992","2025-06-22
2025-06-22
2025-06-22
2025-06-22"
297,culprit,"犯人
罪犯
問題的根源","0.9096832
0.9096832
0.9096832","2025-06-28
2025-06-28
2025-06-28"
298,curtail,"縮減
削減
限制","0.879675904
0.879675904
0.879675904","2025-02-27
2025-02-27
2025-02-27"
299,condone,"寬恕
赦免
默許
縱容","0.8831224
0.8831224
0.8831224
0.8831224","2025-03-10
2025-03-10
2025-03-10
2025-03-10"
300,adroit,"靈巧的
熟練的
機敏的","0.8967808
0.8967808
0.8967808","2025-06-22
2025-06-22
2025-06-22"
301,aberrant,"越軌的
異常的
不符合常規的","0.8818048
0.8818048
0.8818048","2025-02-27
2025-02-27
2025-02-27"
302,efficacious,"有效的
奏效的","0.8967808
0.8967808","2025-06-22
2025-06-22"
303,multifaceted,"多方面的
多層次的
多面向的","0.71081216
0.71081216
0.71081216","2025-06-28
2025-06-28
2025-06-28"
304,profligate,"揮霍無度的
浪費的
放蕩的
不道德的","0.877271552
0.877271552
0.877271552
0.877271552","2025-06-28
2025-06-28
2025-06-28
2025-06-28"
305,formative,"形成的
發展的
塑造的
有助於形成的","0.9096832
0.9096832
0.9096832
0.9096832","2025-06-28
2025-06-28
2025-06-28
2025-06-28"
306,discomfit,"使不安
使尷尬
使窘迫
挫敗","0.8846664704
0.8846664704
0.8846664704
0.8846664704","2025-06-22
2025-06-22
2025-06-22
2025-06-22"
307,profound,"深奧的
深刻的
影響深遠的
淵博的","0.9096832
0.9096832
0.9096832
0.9096832","2025-06-28
2025-06-28
2025-06-28
2025-06-28"
308,genre,"類型
流派
體裁","0.9096832
0.9096832
0.9096832","2025-06-28
2025-06-28
2025-06-28"
309,congruent,"一致的
符合的
全等的 (幾何學)","0.8853142208
0.8853142208
0.8853142208","2025-06-22
2025-06-22
2025-06-22"
310,haphazard,"隨意的
雜亂無章的
偶然的","0.9096832
0.9096832
0.9096832","2025-06-28
2025-06-28
2025-06-28"
311,imperative,"極重要的
緊急的
必須的
命令式的
祈使句 (語法)","0.9056512
0.9056512
0.9056512
0.9056512
0.9056512","2025-06-22
2025-06-22
2025-06-22
2025-06-22
2025-06-22"
312,circuitous,"迂迴的
繞道的
不直接的","0.91081216
0.91081216
0.91081216","2025-06-28
2025-06-28
2025-06-28"
313,justify,"證明…是正當的
為…辯護
使…合理化
使對齊 (排版)","0.8554624
0.8554624
0.8554624
0.8554624","2025-03-09
2025-03-09
2025-03-09
2025-03-09"
314,proliferate,"迅速增加
激增
繁殖","0.9096832
0.9096832
0.9096832","2025-06-28
2025-06-28
2025-06-28"
315,allusive,"暗示的
影射的","0.9096832
0.9096832","2025-06-28
2025-06-28"
316,delude,"欺騙
迷惑","0.8912838042
0.8912838042","2025-06-22
2025-06-22"
317,luxuriant,"繁茂的
豐盛的
華麗的
豐富的","0.88304896
0.88304896
0.88304896
0.88304896","2025-02-27
2025-02-27
2025-02-27
2025-02-27"
318,demonstrable,"可證明的
可示範的
顯而易見的","0.71081216
0.71081216
0.71081216","2025-06-28
2025-06-28
2025-06-28"
319,amorphous,"無定形的
無組織的
非結晶的","0.9096832
0.9096832
0.9096832","2025-06-28
2025-06-28
2025-06-28"
320,demur,"異議
反對
躊躇","0.9096832
0.9096832
0.9096832","2025-06-28
2025-06-28
2025-06-28"
321,negate,"否定
取消
使無效
反駁","0.9096832
0.9096832
0.9096832
0.9096832","2025-06-28
2025-06-28
2025-06-28
2025-06-28"
322,neutral,"中立的
中性的
不偏不倚的","0.915328
0.915328
0.915328","2025-06-28
2025-06-28
2025-06-28"
323,ossify,"骨化
硬化
墨守成規","0.90171136
0.90171136
0.90171136","2025-02-27
2025-02-27
2025-02-27"
324,partial,"部分的
偏袒的
不完全的
偏愛的","0.91081216
0.91081216
0.91081216
0.91081216","2025-06-28
2025-06-28
2025-06-28
2025-06-28"
325,empathy,"同理心
感同身受","0.915328
0.915328","2025-06-28
2025-06-28"
326,passivity,"被動性
消極性
順從","0.915328
0.915328
0.915328","2025-06-28
2025-06-28
2025-06-28"
327,impeccable,"無可挑剔的
完美的
無懈可擊的","0.915328
0.915328
0.915328","2025-06-28
2025-06-28
2025-06-28"
328,pejorative,"貶低的
輕蔑的
貶義詞","0.8425889014
0.8425889014
0.8425889014","2025-03-08
2025-03-08
2025-03-08"
329,euphemism,"委婉語
委婉說法","0.859696
0.859696","2025-03-09
2025-03-09"
330,implausible,"難以置信的
不太可能的","0.85780384
0.85780384","2025-06-28
2025-06-28"
331,apposite,"恰當的
合適的","0.915328
0.915328","2025-06-28
2025-06-28"
332,deprecate,"不贊成
反對
貶低
輕視","0.893177128
0.893177128
0.893177128
0.893177128","2025-06-22
2025-06-22
2025-06-22
2025-06-22"
333,repress,"抑制
壓制
鎮壓","0.915328
0.915328
0.915328","2025-06-28
2025-06-28
2025-06-28"
334,primacy,"首位
首要性
至高無上","0.915328
0.915328
0.915328","2025-06-28
2025-06-28
2025-06-28"
335,irascible,"易怒的
暴躁的","0.915328
0.915328","2025-06-28
2025-06-28"
336,rudimentary,"基本的
初步的
未發展完全的","0.915328
0.915328
0.915328","2025-06-28
2025-06-28
2025-06-28"
337,salient,"顯著的
突出的
最重要的","0.91081216
0.91081216
0.91081216","2025-06-28
2025-06-28
2025-06-28"
338,ascendancy,"優勢
支配地位","0.915328
0.915328","2025-06-28
2025-06-28"
339,prescient,"有預知能力的
有先見之明的","0.8983733248
0.8983733248","2025-06-22
2025-06-22"
340,proscribe,"禁止
取締
宣佈為非法","0.8983733248
0.8983733248
0.8983733248","2025-06-22
2025-06-22
2025-06-22"
341,obsequious,"諂媚的
奉承的
阿諛奉承的","0.8925185352
0.8925185352
0.8925185352","2025-03-10
2025-03-10
2025-03-10"
342,obsolescent,"趨於廢棄的
過時的
逐漸被淘汰的","0.8100817024
0.8100817024
0.8100817024","2025-03-10
2025-03-10
2025-03-10"
343,speculate,"推測
猜測
投機","0.84191488
0.84191488
0.84191488","2025-03-08
2025-03-08
2025-03-08"
344,constant,"持續不斷的
經常發生的
穩定的
不變的
常數","0.89161984
0.89161984
0.89161984
0.89161984
0.89161984","2025-03-10
2025-03-10
2025-03-10
2025-03-10
2025-03-10"
345,obstinate,"固執的
頑固的
執拗的","0.84191488
0.84191488
0.84191488","2025-03-08
2025-03-08
2025-03-08"
346,presumptuous,"放肆的
自以為是的
冒昧的
專橫的","0.8753412169
0.8753412169
0.8753412169
0.8753412169","2025-06-22
2025-06-22
2025-06-22
2025-06-22"
347,pertain,"關於
屬於
適合
與...有關","0.8469799936
0.8469799936
0.8469799936
0.8469799936","2025-03-08
2025-03-08
2025-03-08
2025-03-08"
348,temporal,"時間的
暫時的
世俗的
太陽穴的","0.88592176
0.88592176
0.88592176
0.88592176","2025-03-10
2025-03-10
2025-03-10
2025-03-10"
349,epitome,"縮影
典型
概要
典範","0.8983733248
0.8983733248
0.8983733248
0.8983733248","2025-06-22
2025-06-22
2025-06-22
2025-06-22"
350,treacherous,"背叛的
不忠的
危險的
不可靠的","0.8435281
0.8435281
0.8435281
0.8435281","2025-06-22
2025-06-22
2025-06-22
2025-06-22"
351,circumvent,"規避
繞過
智取
避免","0.8967808
0.8967808
0.8967808
0.8967808","2025-06-22
2025-06-22
2025-06-22
2025-06-22"
352,vindicate,"證明...無罪
辯護
維護
證明...是正當的","0.893656
0.893656
0.893656
0.893656","2025-06-22
2025-06-22
2025-06-22
2025-06-22"
353,aversion,"厭惡
反感
不喜歡","0.849177088
0.849177088
0.849177088","2025-06-28
2025-06-28
2025-06-28"
354,advocate,"提倡者
擁護者
律師
提倡
主張","0.909604
0.909604
0.909604
0.909604
0.909604","2025-06-28
2025-06-28
2025-06-28
2025-06-28
2025-06-28"
355,abet,"教唆
煽動
協助（犯罪）","0.851429888
0.851429888
0.851429888","2025-06-28
2025-06-28
2025-06-28"
356,allay,"減輕
緩和
消除（恐懼、疑慮等）","0.8967808
0.8967808
0.8967808","2025-06-22
2025-06-22
2025-06-22"
357,antidote,"解藥
矯正方法
對抗手段","0.88336
0.88336
0.88336","2025-06-28
2025-06-28
2025-06-28"
358,arduous,"費力的
艱鉅的
困難的","0.8542
0.8542
0.8542","2025-06-28
2025-06-28
2025-06-28"
359,compromise,"妥協
和解
折衷
損害
妥協方案","0.8542
0.8542
0.8542
0.8542
0.8542","2025-06-28
2025-06-28
2025-06-28
2025-06-28
2025-06-28"
360,contempt,"輕蔑
蔑視
不屑
輕視
藐視法庭","0.89362
0.89362
0.89362
0.89362
0.89362","2025-06-22
2025-06-22
2025-06-22
2025-06-22
2025-06-22"
361,debunk,"揭穿
拆穿
駁斥
暴露…的虛假","0.8542
0.8542
0.8542
0.8542","2025-06-28
2025-06-28
2025-06-28
2025-06-28"
362,exemplify,"是…的範例
舉例證明
示範
例證","0.84607
0.84607
0.84607
0.84607","2025-03-08
2025-03-08
2025-03-08
2025-03-08"
363,feign,"假裝
裝作
佯裝
虛報","0.8542
0.8542
0.8542
0.8542","2025-06-28
2025-06-28
2025-06-28
2025-06-28"
364,forage,"覓食
搜尋糧草
搜羅
飼料
草料","0.89362
0.89362
0.89362
0.89362
0.89362","2025-06-22
2025-06-22
2025-06-22
2025-06-22
2025-06-22"
365,furtive,"鬼鬼祟祟的
偷偷摸摸的
隱密的
閃爍其詞的","0.71391636
0.71391636
0.71391636
0.71391636","2025-03-10
2025-03-10
2025-03-10
2025-03-10"
366,futile,"徒勞的
無用的
白費的
沒有效果的","0.8500865313
0.8500865313
0.8500865313
0.8500865313","2025-03-09
2025-03-09
2025-03-09
2025-03-09"
367,layperson,"外行
門外漢
非專業人士
俗人 (非神職人員)","0.88336
0.88336
0.88336
0.88336","2025-06-28
2025-06-28
2025-06-28
2025-06-28"
368,mercurial,"反覆無常的
易變的
水銀的
機敏的","0.754896
0.754896
0.754896
0.754896","2025-06-22
2025-06-22
2025-06-22
2025-06-22"
369,override,"推翻
否決
凌駕
優先於
使無效
超越","0.9035875
0.9035875
0.9035875
0.9035875
0.9035875
0.9035875","2025-06-22
2025-06-22
2025-06-22
2025-06-22
2025-06-22
2025-06-22"
370,persistent,"堅持不懈的
持續的
執意的
頑固的","0.88336
0.88336
0.88336
0.88336","2025-06-28
2025-06-28
2025-06-28
2025-06-28"
371,plaintive,"悲傷的
哀怨的
淒涼的
抱怨的","0.88585552
0.88585552
0.88585552
0.88585552","2025-06-22
2025-06-22
2025-06-22
2025-06-22"
372,rebuff,"斷然拒絕
冷落
回絕
拒絕","0.88336
0.88336
0.88336
0.88336","2025-06-28
2025-06-28
2025-06-28
2025-06-28"
373,redeem,"贖回
彌補
挽回
兌換
履行","0.88336
0.88336
0.88336
0.88336
0.88336","2025-06-28
2025-06-28
2025-06-28
2025-06-28
2025-06-28"
374,revere,"尊敬
崇敬
敬畏","0.8956
0.8956
0.8956","2025-06-22
2025-06-22
2025-06-22"
375,savor,"品嚐
細細品味
享受
有…的味道或氣味
帶有…的風味","0.88336
0.88336
0.88336
0.88336
0.88336","2025-06-28
2025-06-28
2025-06-28
2025-06-28
2025-06-28"
376,scruple,"顧忌
顧慮
道德上的不安
良心上的猶豫","0.8478709719
0.8478709719
0.8478709719
0.8478709719","2025-03-09
2025-03-09
2025-03-09
2025-03-09"
377,tedious,"冗長乏味的
單調乏味的
令人厭煩的","0.88336
0.88336
0.88336","2025-06-28
2025-06-28
2025-06-28"
378,reactionary,"反動的
保守的
反對改革的
反動分子
保守分子","0.88336
0.88336
0.88336
0.88336
0.88336","2025-06-28
2025-06-28
2025-06-28
2025-06-28
2025-06-28"
379,nostalgia,"懷舊之情
思鄉病
戀舊","0.88336
0.88336
0.88336","2025-06-28
2025-06-28
2025-06-28"
380,exalt,"提拔
晉升
讚揚
歌頌
使崇高
使莊嚴","0.9035875
0.9035875
0.9035875
0.9035875
0.9035875
0.9035875","2025-06-22
2025-06-22
2025-06-22
2025-06-22
2025-06-22
2025-06-22"
381,unanimous,"一致同意的
全體一致的
無異議的","0.89362
0.89362
0.89362","2025-06-22
2025-06-22
2025-06-22"
382,adaptive,"適應性的
可適應的
有適應能力的","0.84568
0.84568
0.84568","2025-03-08
2025-03-08
2025-03-08"
383,authentic,"真正的
真實的
地道的
可信的
可靠的","0.7198336
0.7198336
0.7198336
0.7198336
0.7198336","2025-06-28
2025-06-28
2025-06-28
2025-06-28
2025-06-28"
384,abate,"減輕
減少
緩和
平息","0.84568
0.84568
0.84568
0.84568","2025-03-08
2025-03-08
2025-03-08
2025-03-08"
385,hyperbole,"誇張法
誇飾法
誇張的言詞","0.92224
0.92224
0.92224","2025-02-27
2025-02-27
2025-02-27"
386,accentuate,"強調
使突出
使明顯
重讀","0.92224
0.92224
0.92224
0.92224","2025-02-27
2025-02-27
2025-02-27
2025-02-27"
387,cavalier,"漫不經心的
輕率的
傲慢的
騎士（尤指十七世紀英國內戰中支持查理一世的騎士黨人）","0.84568
0.84568
0.84568
0.84568","2025-03-08
2025-03-08
2025-03-08
2025-03-08"
388,deceive,"欺騙
蒙蔽
誤導","0.84568
0.84568
0.84568","2025-03-10
2025-03-10
2025-03-10"
389,supercilious,"傲慢的
輕蔑的
目空一切的","0.8956
0.8956
0.8956","2025-06-22
2025-06-22
2025-06-22"
390,precipitate,"使突然發生
促成
加速
沉澱物
降水
倉促的
魯莽的","0.830608
0.830608
0.830608
0.830608
0.830608
0.830608
0.830608","2025-03-10
2025-03-10
2025-03-10
2025-03-10
2025-03-10
2025-03-10
2025-03-10"
391,clairvoyance,"千里眼
超感官洞察力","0.84568
0.84568","2025-03-10
2025-03-10"
392,cognitive,"認知的
認識的","0.9028
0.9028","2025-03-09
2025-03-09"
393,irreconcilable,"不可調和的
矛盾的
不能和解的","0.8956
0.8956
0.8956","2025-06-22
2025-06-22
2025-06-22"
394,credulous,"輕信的
易受騙的","0.9028
0.9028","2025-03-09
2025-03-09"
395,discreet,"謹慎的
不引人注目的
審慎的","0.9028
0.9028
0.9028","2025-03-09
2025-03-09
2025-03-09"
396,cumbersome,"笨重的
難處理的
麻煩的","0.876457472
0.876457472
0.876457472","2025-06-28
2025-06-28
2025-06-28"
397,succumb,"屈服
最終死於","0.90928
0.90928","2025-06-28
2025-06-28"
398,discursive,"離題的
散漫的
推論的","0.9157393192
0.9157393192
0.9157393192","2025-03-07
2025-03-07
2025-03-07"
399,subdue,"征服
制服
抑制
減輕","0.925796224
0.925796224
0.925796224
0.925796224","2025-03-08
2025-03-08
2025-03-08
2025-03-08"
400,egalitarian,"平等主義的
平等主義者","0.858805888
0.858805888","2025-06-22
2025-06-22"
401,erratic,"不穩定的
不規則的
古怪的","0.8588081926
0.8588081926
0.8588081926","2025-06-22
2025-06-22
2025-06-22"
402,affable,"和藹可親的
友善的","0.82390345
0.82390345","2025-03-09
2025-03-09"
403,facile,"輕而易舉的
膚淺的
靈巧的","0.6730292313
0.6730292313
0.6730292313","2025-06-22
2025-06-22
2025-06-22"
404,fervent,"熱情的
熱烈的
熾熱的","0.89820271
0.89820271
0.89820271","2025-02-27
2025-02-27
2025-02-27"
405,configuration,"組態
配置
格局
形狀","0.904261888
0.904261888
0.904261888
0.904261888","2025-03-04
2025-03-04
2025-03-04
2025-03-04"
406,refute,"駁斥
反駁
批駁","0.920638144
0.920638144
0.920638144","2025-03-08
2025-03-08
2025-03-08"
407,gratify,"使高興
使滿意
滿足","0.9179472969
0.9179472969
0.9179472969","2025-06-28
2025-06-28
2025-06-28"
408,exhilarate,"使興高采烈
使心曠神怡","0.9200986498
0.9200986498","2025-03-08
2025-03-08"
409,humility,"謙遜
謙恭
卑微","0.7838111232
0.7838111232
0.7838111232","2025-03-04
2025-03-04
2025-03-04"
410,predilection,"偏愛
嗜好","0.9251579845
0.9251579845","2025-03-08
2025-03-08"
411,prolix,"冗長的
囉嗦的","0.8592164122
0.8592164122","2025-06-22
2025-06-22"
412,underline,"在…下面畫線
強調
使顯得重要","0.88336
0.88336
0.88336","2025-02-27
2025-02-27
2025-02-27"
413,eclipse,"日蝕
月蝕
使黯然失色
超越","0.88336
0.88336
0.88336
0.88336","2025-02-27
2025-02-27
2025-02-27
2025-02-27"
414,illusory,"虛幻的
產生幻覺的
騙人的","0.8596768
0.8596768
0.8596768","2025-06-22
2025-06-22
2025-06-22"
415,lackluster,"無光澤的
無生氣的
平淡無奇的","0.9230176
0.9230176
0.9230176","2025-03-08
2025-03-08
2025-03-08"
416,remarkable,"非凡的
引人注目的
值得注意的","0.9046144
0.9046144
0.9046144","2025-02-27
2025-02-27
2025-02-27"
417,remedy,"補救
療法
藥物
糾正","0.926128
0.926128
0.926128
0.926128","2025-03-08
2025-03-08
2025-03-08
2025-03-08"
418,symmetry,"對稱
勻稱","0.875512
0.875512","2025-03-10
2025-03-10"
419,prominent,"突出的
顯著的
傑出的
重要的","0.9174791744
0.9174791744
0.9174791744
0.9174791744","2025-03-07
2025-03-07
2025-03-07
2025-03-07"
420,communal,"共同的
社區的
公有的","0.9253504
0.9253504
0.9253504","2025-03-08
2025-03-08
2025-03-08"
421,misnomer,"錯誤的名稱
誤稱","0.926128
0.926128","2025-03-08
2025-03-08"
422,exonerate,"免除責任
宣告無罪
開脫","0.9231051678
0.9231051678
0.9231051678","2025-03-08
2025-03-08
2025-03-08"
423,synoptic,"概要的
提要的
概括的","0.8054512195
0.8054512195
0.8054512195","2025-06-28
2025-06-28
2025-06-28"
424,ornamental,"裝飾的
觀賞的","0.9230176
0.9230176","2025-03-08
2025-03-08"
425,parody,"模仿
拙劣的模仿
滑稽模仿作品","0.88336
0.88336
0.88336","2025-02-27
2025-02-27
2025-02-27"
426,peripatetic,"巡迴的
到處走的
漫遊的","0.8432535754
0.8432535754
0.8432535754","2025-03-10
2025-03-10
2025-03-10"
427,dispel,"驅散
消除
打消（疑慮）","0.851461804
0.851461804
0.851461804","2025-06-28
2025-06-28
2025-06-28"
428,penchant,"強烈傾向
嗜好
偏愛","0.767240704
0.767240704
0.767240704","2025-03-08
2025-03-08
2025-03-08"
429,euphoria,"狂喜
興奮感
欣快感","0.85874368
0.85874368
0.85874368","2025-06-22
2025-06-22
2025-06-22"
430,depict,"描繪
描述
表現","0.88336
0.88336
0.88336","2025-02-27
2025-02-27
2025-02-27"
431,placid,"平靜的
溫和的
寧靜的","0.8949028887
0.8949028887
0.8949028887","2025-06-22
2025-06-22
2025-06-22"
432,platitude,"陳腔濫調
老生常談
陳詞","0.7117092599
0.7117092599
0.7117092599","2025-03-10
2025-03-10
2025-03-10"
433,proprietary,"專有的
所有權的
私營的","0.8774979686
0.8774979686
0.8774979686","2025-06-28
2025-06-28
2025-06-28"
434,proximity,"接近
鄰近
靠近","0.857147656
0.857147656
0.857147656","2025-06-22
2025-06-22
2025-06-22"
435,repugnant,"令人厭惡的
令人反感的
與…矛盾的
不一致的","0.8590570162
0.8590570162
0.8590570162
0.8590570162","2025-06-28
2025-06-28
2025-06-28
2025-06-28"
436,compulsory,"強制性的
義務的
必須做的","0.88336
0.88336
0.88336","2025-02-27
2025-02-27
2025-02-27"
437,acquiescence,"默許
默認
順從","0.9175334032
0.9175334032
0.9175334032","2025-06-28
2025-06-28
2025-06-28"
438,quiescent,"靜止的
不活動的
休眠的
寂靜的","0.9165685394
0.9165685394
0.9165685394
0.9165685394","2025-06-28
2025-06-28
2025-06-28
2025-06-28"
439,tranquil,"寧靜的
平靜的
安寧的","0.9051328
0.9051328
0.9051328","2025-02-27
2025-02-27
2025-02-27"
440,riveting,"引人入勝的
非常精彩的
令人著迷的","0.9163113481
0.9163113481
0.9163113481","2025-06-28
2025-06-28
2025-06-28"
441,robust,"強健的
結實的
堅固的
耐用的
穩健的
精力充沛的","0.88336
0.88336
0.88336
0.88336
0.88336
0.88336","2025-02-27
2025-02-27
2025-02-27
2025-02-27
2025-02-27
2025-02-27"
442,arrogant,"傲慢的
自大的
目中無人的","0.88336
0.88336
0.88336","2025-02-27
2025-02-27
2025-02-27"
443,surrogate,"代理人
替代品
代孕母親","0.8596768
0.8596768
0.8596768","2025-06-22
2025-06-22
2025-06-22"
444,sacrosanct,"神聖不可侵犯的
極其重要的
不容置疑的","0.9199885888
0.9199885888
0.9199885888","2025-03-08
2025-03-08
2025-03-08"
445,prescription,"處方
藥方
規定
規章
指示
建議","0.828171904
0.828171904
0.828171904
0.828171904
0.828171904
0.828171904","2025-03-10
2025-03-10
2025-03-10
2025-03-10
2025-03-10
2025-03-10"
446,supersede,"取代
代替
廢棄","0.8818716252
0.8818716252
0.8818716252","2025-02-27
2025-02-27
2025-02-27"
447,disseminate,"傳播
散佈
廣播","0.9060904346
0.9060904346
0.9060904346","2025-06-22
2025-06-22
2025-06-22"
448,dissipate,"消散
消失
驅散
浪費
耗盡","0.8548761065
0.8548761065
0.8548761065
0.8548761065
0.8548761065","2025-06-22
2025-06-22
2025-06-22
2025-06-22
2025-06-22"
449,somnolent,"想睡的
困倦的
催眠的
引起睡意的","0.8919407873
0.8919407873
0.8919407873
0.8919407873","2025-03-10
2025-03-10
2025-03-10
2025-03-10"
450,soporific,"催眠的
令人昏昏欲睡的
安眠藥","0.8921037203
0.8921037203
0.8921037203","2025-03-10
2025-03-10
2025-03-10"
451,speculative,"推測性的
思索性的
投機性的","0.9369360179
0.9369360179
0.9369360179","2025-06-22
2025-06-22
2025-06-22"
452,aspersion,"誹謗
中傷
潑污水","0.8664983801
0.8664983801
0.8664983801","2025-03-10
2025-03-10
2025-03-10"
453,understated,"低調的
樸素的
不張揚的","0.8676904346
0.8676904346
0.8676904346","2025-06-22
2025-06-22
2025-06-22"
454,outstrip,"超越
勝過
跑過","0.9041935974
0.9041935974
0.9041935974","2025-02-27
2025-02-27
2025-02-27"
455,resurge,"再起
復甦
重新興起","0.9359451136
0.9359451136
0.9359451136","2025-06-22
2025-06-22
2025-06-22"
456,abstain,"戒除
棄權
忍住","0.90562816
0.90562816
0.90562816","2025-03-04
2025-03-04
2025-03-04"
457,tenacious,"堅韌的
頑強的
固執的","0.9194067712
0.9194067712
0.9194067712","2025-02-27
2025-02-27
2025-02-27"
458,intransigent,"不妥協的
不讓步的
不讓步分子","0.8281865458
0.8281865458
0.8281865458","2025-03-10
2025-03-10
2025-03-10"
459,utilitarian,"功利主義的
實用的
功利主義者","0.9119149926
0.9119149926
0.9119149926","2025-06-28
2025-06-28
2025-06-28"
460,vacuous,"空虛的
茫然的
無意義的","0.860418112
0.860418112
0.860418112","2025-06-28
2025-06-28
2025-06-28"
461,veracious,"誠實的
真實的
說真話的","0.7703507222
0.7703507222
0.7703507222","2025-03-09
2025-03-09
2025-03-09"
462,verisimilitude,"逼真
貌似真實
寫實性","0.9145281408
0.9145281408
0.9145281408","2025-03-07
2025-03-07
2025-03-07"
463,adversary,"對手
敵手
對頭","0.8593802752
0.8593802752
0.8593802752","2025-06-22
2025-06-22
2025-06-22"
464,avert,"避開
轉移
防止","0.868018819
0.868018819
0.868018819","2025-06-22
2025-06-22
2025-06-22"
465,subvert,"顛覆
推翻
破壞","0.881427475
0.881427475
0.881427475","2025-03-10
2025-03-10
2025-03-10"
466,versatile,"多才多藝的
多功能的
用途廣泛的","0.9212032
0.9212032
0.9212032","2025-03-08
2025-03-08
2025-03-08"
467,revile,"辱罵
謾罵
痛斥","0.8827589222
0.8827589222
0.8827589222","2025-02-27
2025-02-27
2025-02-27"
468,envision,"想像
預想","0.9212032
0.9212032","2025-03-08
2025-03-08"
469,convoluted,"盤繞的
錯綜複雜的
費解的","0.9212032
0.9212032
0.9212032","2025-03-08
2025-03-08
2025-03-08"
470,promulgate,"頒布
公布
散布","0.8293619989
0.8293619989
0.8293619989","2025-03-10
2025-03-10
2025-03-10"
471,albeit,"儘管
雖然","0.8579359036
0.8579359036","2025-06-28
2025-06-28"
472,ascetic,"禁慾的
苦行的
禁慾主義者
苦行僧","0.9212032
0.9212032
0.9212032
0.9212032","2025-03-08
2025-03-08
2025-03-08
2025-03-08"
473,atodds,"不同於
","0.8044510618
0.8044510618","2025-06-28
2025-06-28"
474,berate,"嚴厲指責
訓斥","0.8992838656
0.8992838656","2025-02-27
2025-02-27"
475,caterwaul,"發出貓叫春般的聲音
發出尖銳刺耳的聲音
大聲抱怨","0.91575136
0.91575136
0.91575136","2025-03-07
2025-03-07
2025-03-07"
476,coerce,"脅迫
強迫
施壓","0.8579229491
0.8579229491
0.8579229491","2025-06-22
2025-06-22
2025-06-22"
477,cogent,"有說服力的
令人信服的
中肯的","0.8433243536
0.8433243536
0.8433243536","2025-03-10
2025-03-10
2025-03-10"
478,dabble,"涉獵
淺嘗
玩水","0.8990268482
0.8990268482
0.8990268482","2025-06-22
2025-06-22
2025-06-22"
479,decimate,"大量毀滅
大量殺戮
嚴重削弱","0.8848077061
0.8848077061
0.8848077061","2025-06-22
2025-06-22
2025-06-22"
480,decry,"公開譴責
詆毀","0.87574528
0.87574528","2025-03-10
2025-03-10"
481,defy,"公然反抗
違抗
使...不可能","0.9212032
0.9212032
0.9212032","2025-03-08
2025-03-08
2025-03-08"
482,edify,"啟迪
教化","0.90710272
0.90710272","2025-02-27
2025-02-27"
483,encomium,"頌詞
讚美詞","0.8924266576
0.8924266576","2025-03-10
2025-03-10"
484,espouse,"擁護
支持 (理論、信仰等)
娶 (舊義)","0.8982134263
0.8982134263
0.8982134263","2025-02-27
2025-02-27
2025-02-27"
485,extol,"讚揚
頌揚","0.8594308178
0.8594308178","2025-06-28
2025-06-28"
486,fleeting,"短暫的
飛逝的","0.8580158464
0.8580158464","2025-06-22
2025-06-22"
487,foreshadow,"預示
預兆","0.9212032
0.9212032","2025-03-08
2025-03-08"
488,fortuitous,"偶然發生的
碰巧的
幸運的","0.7027564176
0.7027564176
0.7027564176","2025-03-10
2025-03-10
2025-03-10"
489,honorific,"表示敬意的 (詞語)
敬語","0.9212032
0.9212032","2025-03-08
2025-03-08"
490,irenic,"和平的
旨在促進和平的","0.9253018
0.9253018","2025-03-08
2025-03-08"
491,jeopardize,"危及
危害","0.8580158464
0.8580158464","2025-06-22
2025-06-22"
492,latent,"潛伏的
隱藏的
尚未發展的","0.858556084
0.858556084
0.858556084","2025-06-22
2025-06-22
2025-06-22"
493,parochial,"狹隘的
地方性的
教區的","0.9162315712
0.9162315712
0.9162315712","2025-06-28
2025-06-28
2025-06-28"
494,rarefied,"稀薄的 (空氣)
精緻的
只有少數人理解的","0.854454784
0.854454784
0.854454784","2025-06-22
2025-06-22
2025-06-22"
495,scathing,"嚴厲的
尖刻的","0.925682176
0.925682176","2025-03-08
2025-03-08"
496,shrewd,"精明的
敏銳的
機靈的","0.8065312166
0.8065312166
0.8065312166","2025-03-08
2025-03-08
2025-03-08"
497,snobbery,"勢利眼
勢利行為
自命不凡","0.85222675
0.85222675
0.85222675","2025-03-09
2025-03-09
2025-03-09"
498,sound,"聲音
健全的
穩固的
可靠的
合理的
徹底的
聽起來
發出聲音
探測","0.8949376
0.8949376
0.8949376
0.8949376
0.8949376
0.8949376
0.8949376
0.8949376
0.8949376","2025-06-28
2025-06-28
2025-06-28
2025-06-28
2025-06-28
2025-06-28
2025-06-28
2025-06-28
2025-06-28"
499,spurn,"輕蔑地拒絕
唾棄","0.836886214
0.836886214","2025-03-10
2025-03-10"
500,substantial,"大量的
實質的
重要的
堅固的
可觀的","0.855960064
0.855960064
0.855960064
0.855960064
0.855960064","2025-06-22
2025-06-22
2025-06-22
2025-06-22
2025-06-22"
501,trifling,"微不足道的
瑣碎的
不重要的","0.8532928184
0.8532928184
0.8532928184","2025-06-22
2025-06-22
2025-06-22"
502,tyranny,"暴政
專制統治
暴行","0.89383168
0.89383168
0.89383168","2025-06-28
2025-06-28
2025-06-28"
503,universality,"普遍性
廣泛性
普遍有效性","0.845664256
0.845664256
0.845664256","2025-03-08
2025-03-08
2025-03-08"
504,wane,"衰落
減弱
虧缺 (指月亮)","0.8790270976
0.8790270976
0.8790270976","2025-06-28
2025-06-28
2025-06-28"
505,acerbic,"尖刻的
刻薄的
酸澀的","0.890292736
0.890292736
0.890292736","2025-06-22
2025-06-22
2025-06-22"
506,acumen,"敏銳
聰明
洞察力","0.85222675
0.85222675
0.85222675","2025-03-09
2025-03-09
2025-03-09"
507,agitated,"激動的
焦慮不安的
攪動的","0.8949376
0.8949376
0.8949376","2025-06-28
2025-06-28
2025-06-28"
508,agony,"極度痛苦
劇痛
掙扎","0.92037376
0.92037376
0.92037376","2025-02-27
2025-02-27
2025-02-27"
509,protagonist,"主角
主要人物
倡導者
領袖","0.92037376
0.92037376
0.92037376
0.92037376","2025-02-27
2025-02-27
2025-02-27
2025-02-27"
510,peregrinate,"旅行
遊歷","0.7844992819
0.7844992819","2025-03-04
2025-03-04"
511,alienation,"疏遠
離間
異化","0.859499008
0.859499008
0.859499008","2025-06-22
2025-06-22
2025-06-22"
512,alternative,"替代方案
選擇
替代的","0.918604288
0.918604288
0.918604288","2025-02-27
2025-02-27
2025-02-27"
513,amiable,"和藹可親的
友好的","0.918604288
0.918604288","2025-02-27
2025-02-27"
514,enamored,"迷戀的
傾心的","0.8746722427
0.8746722427","2025-06-22
2025-06-22"
515,animadvert,"批評
非難","0.8448772211
0.8448772211","2025-03-08
2025-03-08"
516,animosity,"敵意
憎恨","0.8842293453
0.8842293453","2025-06-22
2025-06-22"
517,perennial,"常年的
多年生的
持久的","0.8142268144
0.8142268144
0.8142268144","2025-03-09
2025-03-09
2025-03-09"
518,antiquated,"過時的
陳舊的","0.8949376
0.8949376","2025-06-28
2025-06-28"
519,asteroid,小行星,0.8949376,2025-06-28
520,banish,"放逐
驅逐
消除","0.7175067443
0.7175067443
0.7175067443","2025-06-28
2025-06-28
2025-06-28"
521,base,"基礎
基地
底座
卑鄙的
低級的","0.8949376
0.8949376
0.8949376
0.8949376
0.8949376","2025-06-28
2025-06-28
2025-06-28
2025-06-28
2025-06-28"
522,beneficent,"行善的
有益的","0.8813903258
0.8813903258","2025-02-27
2025-02-27"
523,benevolent,"仁慈的
樂善好施的","0.8510803444
0.8510803444","2025-03-09
2025-03-09"
524,blithe,"愉快的
無憂無慮的","0.85242112
0.85242112","2025-03-10
2025-03-10"
525,bombastic,"浮誇的
誇張的","0.8949376
0.8949376","2025-06-28
2025-06-28"
526,recalcitrant,"不服從的
桀驁不馴的
難以控制的","0.8424275485
0.8424275485
0.8424275485","2025-03-10
2025-03-10
2025-03-10"
527,incessant,"不停的
連續的
沒完沒了的","0.848201637
0.848201637
0.848201637","2025-03-09
2025-03-09
2025-03-09"
528,unprecedented,"史無前例的
前所未有的","0.92037376
0.92037376","2025-03-08
2025-03-08"
529,eccentric,"古怪的
怪異的
異乎尋常的","0.92037376
0.92037376
0.92037376","2025-02-27
2025-02-27
2025-02-27"
530,susceptible,"易受影響的
易受感染的
易患病的
敏感的","0.883804672
0.883804672
0.883804672
0.883804672","2025-06-22
2025-06-22
2025-06-22
2025-06-22"
531,chronological,"按時間順序的
年代學的","0.8949376
0.8949376","2025-06-28
2025-06-28"
532,exorcise,"驅逐 (惡魔)
驅除 (邪念、恐懼等)","0.87080896
0.87080896","2025-06-22
2025-06-22"
533,decipher,"破譯 (密碼)
辨認 (潦草的字跡)
理解 (難懂的事物)","0.851512
0.851512
0.851512","2025-03-09
2025-03-09
2025-03-09"
534,insouciance,"漫不經心
無憂無慮","0.8439834255
0.8439834255","2025-03-10
2025-03-10"
535,proclaim,"宣佈
聲明
公開表示","0.889408
0.889408
0.889408","2025-06-28
2025-06-28
2025-06-28"
536,disinclination,"不情願
不樂意
不願做某事","0.890463404
0.890463404
0.890463404","2025-06-22
2025-06-22
2025-06-22"
537,proclivity,"傾向
癖性
習性","0.897292
0.897292
0.897292","2025-06-28
2025-06-28
2025-06-28"
538,recognize,"認出
辨認出
承認
確認
欣賞","0.91252
0.91252
0.91252
0.91252
0.91252","2025-03-07
2025-03-07
2025-03-07
2025-03-07
2025-03-07"
539,cosmopolitan,"世界性的
國際性的
見多識廣的
世界公民","0.847792
0.847792
0.847792
0.847792","2025-03-09
2025-03-09
2025-03-09
2025-03-09"
540,autocracy,"獨裁
專制政府
獨裁統治","0.847792
0.847792
0.847792","2025-03-09
2025-03-09
2025-03-09"
541,indiscriminate,"不加區別的
不分青紅皂白的
任意的
隨意的","0.847792
0.847792
0.847792
0.847792","2025-03-09
2025-03-09
2025-03-09
2025-03-09"
542,incubate,"孵化
孵育
培養（細菌、病毒等）
醞釀（思想、計劃等）
潛伏（疾病）","0.897292
0.897292
0.897292
0.897292
0.897292","2025-06-28
2025-06-28
2025-06-28
2025-06-28
2025-06-28"
543,covet,"覬覦
貪求
渴望（尤指別人擁有的東西）","0.8716920463
0.8716920463
0.8716920463","2025-06-22
2025-06-22
2025-06-22"
544,cursory,"粗略的
草率的
膚淺的","0.8887670579
0.8887670579
0.8887670579","2025-06-22
2025-06-22
2025-06-22"
545,discourse,"演講
論述
談話
語篇","0.889408
0.889408
0.889408
0.889408","2025-06-28
2025-06-28
2025-06-28
2025-06-28"
546,decorum,"禮儀
禮節
得體
端莊","0.852544
0.852544
0.852544
0.852544","2025-03-10
2025-03-10
2025-03-10
2025-03-10"
547,endemic,"地方性的
（疾病、現象等）某地特有的
流行的","0.8672896
0.8672896
0.8672896","2025-06-22
2025-06-22
2025-06-22"
548,divergent,"分歧的
相異的
偏離的
（意見、道路等）不同的","0.72793344
0.72793344
0.72793344
0.72793344","2025-06-22
2025-06-22
2025-06-22
2025-06-22"
549,dubious,"可疑的
不確定的
不靠譜的
半信半疑的","0.8438670336
0.8438670336
0.8438670336
0.8438670336","2025-06-22
2025-06-22
2025-06-22
2025-06-22"
550,docile,"溫順的
馴服的
易管教的","0.858313216
0.858313216
0.858313216","2025-06-28
2025-06-28
2025-06-28"
551,doctrinaire,"教條主義的
迂腐的
理論至上的（常含貶義）","0.887147008
0.887147008
0.887147008","2025-06-28
2025-06-28
2025-06-28"
552,indolent,"懶惰的
怠惰的
不活躍的","0.81346225
0.81346225
0.81346225","2025-06-22
2025-06-22
2025-06-22"
553,dormant,"休眠的
潛伏的
不活躍的
暫時停止活動的","0.8672896
0.8672896
0.8672896
0.8672896","2025-06-22
2025-06-22
2025-06-22
2025-06-22"
554,conducive,"有助於…的
有利於…的
有益於…的","0.83666608
0.83666608
0.83666608","2025-03-10
2025-03-10
2025-03-10"
555,endure,"忍受
持續
經受","0.8672896
0.8672896
0.8672896","2025-06-22
2025-06-22
2025-06-22"
556,obdurate,"頑固的
執拗的
冷酷的","0.85632256
0.85632256
0.85632256","2025-06-28
2025-06-28
2025-06-28"
557,equilibrium,"平衡
均勢
（心情）平靜","0.57772032
0.57772032
0.57772032","2025-03-09
2025-03-09
2025-03-09"
558,inert,"不活動的
惰性的
遲鈍的","0.84652288
0.84652288
0.84652288","2025-06-28
2025-06-28
2025-06-28"
559,quintessential,"最典型的
精髓的","0.7220352
0.7220352","2025-03-10
2025-03-10"
560,pitfall,"陷阱
隱患
困難","0.8599168
0.8599168
0.8599168","2025-06-22
2025-06-22
2025-06-22"
561,fanciful,"異想天開的
奇特的
空想的","0.8125024
0.8125024
0.8125024","2025-06-22
2025-06-22
2025-06-22"
562,forfeit,"（因犯規、錯誤）喪失
沒收物
罰金","0.8838784
0.8838784
0.8838784","2025-06-22
2025-06-22
2025-06-22"
563,infelicitous,"不恰當的
不幸的
不適當的","0.856821611
0.856821611
0.856821611","2025-06-28
2025-06-28
2025-06-28"
564,confess,"承認
坦白
懺悔","0.852688
0.852688
0.852688","2025-03-09
2025-03-09
2025-03-09"
565,munificent,"慷慨的
寬宏大量的","0.8409310208
0.8409310208","2025-03-10
2025-03-10"
566,diffident,"缺乏自信的
膽怯的
羞怯的","0.84232
0.84232
0.84232","2025-03-08
2025-03-08
2025-03-08"
567,figurative,"比喻的
形象的
象徵的","0.81436864
0.81436864
0.81436864","2025-06-28
2025-06-28
2025-06-28"
568,confine,"限制
監禁
禁閉","0.8672896
0.8672896
0.8672896","2025-06-22
2025-06-22
2025-06-22"
569,flamboyant,"華麗的
炫耀的
過於裝飾的
引人注目的","0.84232
0.84232
0.84232
0.84232","2025-03-08
2025-03-08
2025-03-08
2025-03-08"
570,conflate,"合併
混合","0.81523372
0.81523372","2025-06-28
2025-06-28"
571,formulaic,"公式化的
刻板的","0.8428672
0.8428672","2025-03-08
2025-03-08"
572,fractious,"易怒的
難駕馭的
不服管的","0.8074264
0.8074264
0.8074264","2025-03-08
2025-03-08
2025-03-08"
573,refractory,"難駕馭的
難治療的 (疾病)
耐火的 (材料)","0.85594672
0.85594672
0.85594672","2025-06-28
2025-06-28
2025-06-28"
574,suffrage,"選舉權
投票權","0.8838784
0.8838784","2025-06-22
2025-06-22"
575,fraudulent,"詐欺的
欺騙性的","0.8393882852
0.8393882852","2025-03-08
2025-03-08"
576,effrontery,"厚顏無恥
魯莽","0.8672896
0.8672896","2025-06-22
2025-06-22"
577,fulminate,"嚴厲譴責
猛烈抨擊
爆炸","0.794083
0.794083
0.794083","2025-03-07
2025-03-07
2025-03-07"
578,founder,"創立者
奠基人
失敗
沉沒 (船隻)","0.7966848
0.7966848
0.7966848
0.7966848","2025-03-10
2025-03-10
2025-03-10
2025-03-10"
579,effusive,"熱情洋溢的
過度表達感情的","0.8530048
0.8530048","2025-06-28
2025-06-28"
580,infuse,"注入
灌輸
浸泡 (茶葉等)","0.83666608
0.83666608
0.83666608","2025-03-10
2025-03-10
2025-03-10"
581,refutable,"可駁斥的
可反駁的","0.8672896
0.8672896","2025-06-22
2025-06-22"
582,generic,"一般的
通用的
非專利的 (藥品等)","0.85106944
0.85106944
0.85106944","2025-03-09
2025-03-09
2025-03-09"
583,degenerate,"墮落
退化 (動詞)
墮落的 (形容詞)
墮落者 (名詞)","0.8125024
0.8125024
0.8125024
0.8125024","2025-06-22
2025-06-22
2025-06-22
2025-06-22"
584,indigenous,"本土的
原產的
土著的","0.8428672
0.8428672
0.8428672","2025-03-08
2025-03-08
2025-03-08"
585,ingest,"攝取
吞下
吸收 (信息等)","0.8428672
0.8428672
0.8428672","2025-03-08
2025-03-08
2025-03-08"
586,ingrain,"根深蒂固
使銘記在心
使成為習慣","0.852544
0.852544
0.852544","2025-03-10
2025-03-10
2025-03-10"
587,aggravate,"加重
使惡化
惹惱
激怒","0.846672256
0.846672256
0.846672256
0.846672256","2025-03-08
2025-03-08
2025-03-08
2025-03-08"
588,coherent,"連貫的
條理清晰的
有邏輯的
一致的","0.8245504
0.8245504
0.8245504
0.8245504","2025-03-04
2025-03-04
2025-03-04
2025-03-04"
589,hortative,"勸告性的
鼓勵性的
激勵性的","0.852544
0.852544
0.852544","2025-03-10
2025-03-10
2025-03-10"
590,humble,"謙遜的
卑微的
低下的
使謙遜
使感到羞辱
使地位下降","0.8428672
0.8428672
0.8428672
0.8428672
0.8428672
0.8428672","2025-03-08
2025-03-08
2025-03-08
2025-03-08
2025-03-08
2025-03-08"
591,itinerant,"巡迴的
流動的
遊歷的
巡迴者
遊歷者","0.81070144
0.81070144
0.81070144
0.81070144
0.81070144","2025-03-10
2025-03-10
2025-03-10
2025-03-10
2025-03-10"
592,disjunctive,"分離的
分離性的
不連貫的
表示選擇或對立的 (語法)","0.852544
0.852544
0.852544
0.852544","2025-06-22
2025-06-22
2025-06-22
2025-06-22"
593,abjure,"公開聲明放棄
發誓放棄
拋棄","0.8044365005
0.8044365005
0.8044365005","2025-06-28
2025-06-28
2025-06-28"
594,conjure,"變戲法
召喚 (靈魂或魔鬼)
想像出
喚起 (記憶或影像)
祈求","0.88424704
0.88424704
0.88424704
0.88424704
0.88424704","2025-06-22
2025-06-22
2025-06-22
2025-06-22
2025-06-22"
595,jubilation,"歡慶
慶祝
歡騰","0.8704
0.8704
0.8704","2025-06-22
2025-06-22
2025-06-22"
596,rejuvenate,"使恢復青春
使恢復活力
使煥然一新","0.8731
0.8731
0.8731","2025-06-22
2025-06-22
2025-06-22"
597,allegiance,"忠誠
效忠
擁護","0.858966528
0.858966528
0.858966528","2025-06-28
2025-06-28
2025-06-28"
598,legitimate,"合法的
正當的
合理的
正規的
使合法化
使正當化","0.73632
0.73632
0.73632
0.73632
0.73632
0.73632","2025-06-22
2025-06-22
2025-06-22
2025-06-22
2025-06-22
2025-06-22"
599,apologist,"辯護者
擁護者
護教者","0.852544
0.852544
0.852544","2025-06-22
2025-06-22
2025-06-22"
600,eloquence,"雄辯
口才","0.852544
0.852544","2025-06-22
2025-06-22"
601,elucidate,"闡明
解釋","0.83872
0.83872","2025-03-10
2025-03-10"
602,disillusioned,"幻想破滅的
醒悟的","0.852544
0.852544","2025-06-22
2025-06-22"
603,ludicrous,"荒謬的
可笑的","0.8068
0.8068","2025-03-08
2025-03-08"
604,malady,"疾病
弊病","0.8704
0.8704","2025-06-22
2025-06-22"
605,malevolent,"惡意的
壞心腸的","0.831808
0.831808","2025-03-10
2025-03-10"
606,manipulate,"操縱
處理","0.852544
0.852544","2025-06-22
2025-06-22"
607,premeditate,"預謀
預先考慮","0.852544
0.852544","2025-06-22
2025-06-22"
608,commensurate,"相稱的
等量的","0.852544
0.852544","2025-06-22
2025-06-22"
609,imminent,"即將發生的
迫近的","0.859456
0.859456","2025-06-22
2025-06-22"
610,preeminent,"卓越的
傑出的","0.831808
0.831808","2025-03-10
2025-03-10"
611,mire,"泥沼
困境
使陷入困境","0.78995712
0.78995712
0.78995712","2025-06-22
2025-06-22
2025-06-22"
612,dismiss,"解僱
駁回
不予考慮","0.852544
0.852544
0.852544","2025-06-22
2025-06-22
2025-06-22"
613,unremitting,"不間斷的
持續不斷的","0.68009216
0.68009216","2025-03-08
2025-03-08"
614,moderate,"適度的
溫和的
節制
緩和","0.852544
0.852544
0.852544
0.852544","2025-06-22
2025-06-22
2025-06-22
2025-06-22"
615,outmoded,"過時的
老式的","0.80691456
0.80691456","2025-06-28
2025-06-28"
616,mordant,"尖酸刻薄的
諷刺的
腐蝕性的","0.8023046267
0.8023046267
0.8023046267","2025-06-28
2025-06-28
2025-06-28"
617,remorse,"懊悔
悔恨
自責","0.834112
0.834112
0.834112","2025-03-10
2025-03-10
2025-03-10"
618,tantamount,"等同於
相當於","0.7998974976
0.7998974976","2025-06-28
2025-06-28"
619,negligent,"疏忽的
過失的
玩忽職守的","0.808015
0.808015
0.808015","2025-03-09
2025-03-09
2025-03-09"
620,negligible,"微不足道的
可忽略不計的","0.87202
0.87202","2025-06-22
2025-06-22"
621,denigrate,"誹謗
詆毀
貶低","0.865659392
0.865659392
0.865659392","2025-06-22
2025-06-22
2025-06-22"
622,pernicious,"有害的
惡性的
致命的","0.834209272
0.834209272
0.834209272","2025-03-10
2025-03-10
2025-03-10"
623,normative,"規範的
標準的
準則的","0.85923712
0.85923712
0.85923712","2025-06-22
2025-06-22
2025-06-22"
624,novelty,"新奇
新鮮事物
新穎性","0.83577088
0.83577088
0.83577088","2025-03-10
2025-03-10
2025-03-10"
625,annihilate,"殲滅
徹底摧毀
使歸於烏有","0.85122784
0.85122784
0.85122784","2025-03-10
2025-03-10
2025-03-10"
626,ominous,"不祥的
惡兆的
預示厄運的","0.78307584
0.78307584
0.78307584","2025-06-22
2025-06-22
2025-06-22"
627,optimal,"最佳的
最理想的","0.834112
0.834112","2025-03-10
2025-03-10"
628,opulent,"富裕的
奢華的
豐饒的","0.8025076736
0.8025076736
0.8025076736","2025-06-28
2025-06-28
2025-06-28"
629,inexorable,"不可阻擋的
無情的
不可動搖的","0.8566197504
0.8566197504
0.8566197504","2025-06-28
2025-06-28
2025-06-28"
630,subordinate,"下屬
從屬的
次要的
使從屬","0.85923712
0.85923712
0.85923712
0.85923712","2025-06-22
2025-06-22
2025-06-22
2025-06-22"
631,transparent,"透明的
清楚易懂的
坦率的","0.849529344
0.849529344
0.849529344","2025-06-28
2025-06-28
2025-06-28"
632,counterpart,"對應的人或物
互補的部分","0.8081089536
0.8081089536","2025-06-28
2025-06-28"
633,penalty,"懲罰
罰款
罰球","0.834112
0.834112
0.834112","2025-03-10
2025-03-10
2025-03-10"
634,compendium,"概要
概論
彙編","0.8079717674
0.8079717674
0.8079717674","2025-06-28
2025-06-28
2025-06-28"
635,pensive,"沉思的
憂鬱的","0.79044864
0.79044864","2025-06-28
2025-06-28"
636,impetus,"推動力
刺激
動力","0.8780464
0.8780464
0.8780464","2025-06-28
2025-06-28
2025-06-28"
637,ephemeral,"短暫的
瞬息萬變的","0.84858175
0.84858175","2025-03-10
2025-03-10"
638,aphorism,"格言
警句","0.7824653722
0.7824653722","2025-06-22
2025-06-22"
639,metaphor,"隱喻
暗喻","0.834112
0.834112","2025-03-10
2025-03-10"
640,piety,"虔誠
孝順","0.6587078451
0.6587078451","2025-06-28
2025-06-28"
641,placate,"安撫
撫慰
使和解","0.7916270592
0.7916270592
0.7916270592","2025-06-28
2025-06-28
2025-06-28"
642,supplant,"取代
排擠","0.705792
0.705792","2025-03-10
2025-03-10"
643,complementary,"互補的
補充的","0.737616
0.737616","2025-06-22
2025-06-22"
644,compliance,"順從
遵守
符合","0.843904
0.843904
0.843904","2025-03-10
2025-03-10
2025-03-10"
645,duplicitous,"兩面派的
奸詐的
口是心非的","0.7902258176
0.7902258176
0.7902258176","2025-06-22
2025-06-22
2025-06-22"
646,extrapolate,"推斷
外推
估計","0.7921722368
0.7921722368
0.7921722368","2025-03-07
2025-03-07
2025-03-07"
647,ponderous,"笨重的
沉悶的
冗長的","0.792381952
0.792381952
0.792381952","2025-03-07
2025-03-07
2025-03-07"
648,opportune,"及時的
恰當的
合時宜的","0.7912995594
0.7912995594
0.7912995594","2025-06-28
2025-06-28
2025-06-28"
649,opportunistic,"機會主義的
投機取巧的","0.7942693888
0.7942693888","2025-03-07
2025-03-07"
650,purport,"聲稱
據稱
主旨
意義","0.7902848
0.7902848
0.7902848
0.7902848","2025-03-04
2025-03-04
2025-03-04
2025-03-04"
651,posit,"假設
斷定
提出","0.8015884493
0.8015884493
0.8015884493","2025-06-28
2025-06-28
2025-06-28"
652,potent,"強大的
有效的
有力的","0.5991759778
0.5991759778
0.5991759778","2025-06-28
2025-06-28
2025-06-28"
653,misapprehension,"誤解
錯誤理解","0.7942693888
0.7942693888","2025-03-07
2025-03-07"
654,primitive,"原始的
簡陋的
落後的","0.6032836403
0.6032836403
0.6032836403","2025-06-22
2025-06-22
2025-06-22"
655,probity,"正直
廉潔
誠實","0.7902848
0.7902848
0.7902848","2025-03-04
2025-03-04
2025-03-04"
656,apropos,"適當地
關於
恰當地","0.823839232
0.823839232
0.823839232","2025-03-09
2025-03-09
2025-03-09"
657,appropriate,"適當的
合適的
挪用
撥款","0.7041045504
0.7041045504
0.7041045504
0.7041045504","2025-06-22
2025-06-22
2025-06-22
2025-06-22"
658,propriety,"禮儀
得體
適當","0.6302848
0.6302848
0.6302848","2025-06-22
2025-06-22
2025-06-22"
659,prosaic,"平淡無奇的
乏味的
散文體的","0.7902848
0.7902848
0.7902848","2025-06-28
2025-06-28
2025-06-28"
660,prose,散文,0.7902848,2025-06-28
661,approximate,"大約的
近似的
估計","0.7041045504
0.7041045504
0.7041045504","2025-06-22
2025-06-22
2025-06-22"
662,impugn,"質疑
非難
攻擊","0.7902848
0.7902848
0.7902848","2025-03-04
2025-03-04
2025-03-04"
663,compunction,"內疚
懊悔
良心不安","0.813353472
0.813353472
0.813353472","2025-03-09
2025-03-09
2025-03-09"
664,punctilious,"一絲不苟的
嚴謹的
循規蹈矩的","0.6906827776
0.6906827776
0.6906827776","2025-03-09
2025-03-09
2025-03-09"
665,eradicate,"根除
消滅","0.800246272
0.800246272","2025-06-28
2025-06-28"
666,rapacious,"貪婪的
掠奪的","0.7848571085
0.7848571085","2025-06-22
2025-06-22"
667,rectitude,"正直
清廉
公正","0.823839232
0.823839232
0.823839232","2025-03-09
2025-03-09
2025-03-09"
668,resurrect,"使復活
使復甦
恢復","0.7902848
0.7902848
0.7902848","2025-03-04
2025-03-04
2025-03-04"
669,surreptitious,"秘密的
偷偷摸摸的
鬼祟的","0.823839232
0.823839232
0.823839232","2025-03-09
2025-03-09
2025-03-09"
670,ridiculous,"荒謬的
可笑的
滑稽的","0.7041045504
0.7041045504
0.7041045504","2025-06-22
2025-06-22
2025-06-22"
671,rigor,"嚴格
嚴謹
艱苦","0.8131437568
0.8131437568
0.8131437568","2025-03-09
2025-03-09
2025-03-09"
672,rigorous,"嚴格的
嚴謹的
縝密的","0.8131437568
0.8131437568
0.8131437568","2025-03-09
2025-03-09
2025-03-09"
673,prerogative,"特權
君權
優先權","0.7902848
0.7902848
0.7902848","2025-03-04
2025-03-04
2025-03-04"
674,assail,"攻擊
抨擊
猛攻","0.8150311936
0.8150311936
0.8150311936","2025-03-09
2025-03-09
2025-03-09"
675,sanctimonious,"假裝虔誠的
偽善的","0.7902848
0.7902848","2025-03-04
2025-03-04"
676,sanction,"批准
認可
制裁
處罰","0.800246272
0.800246272
0.800246272
0.800246272","2025-06-28
2025-06-28
2025-06-28
2025-06-28"
677,insatiable,"不知足的
貪得無厭的
無法滿足的","0.8131437568
0.8131437568
0.8131437568","2025-03-09
2025-03-09
2025-03-09"
678,escalate,"（使）逐步升級
（使）加劇
（使）惡化","0.830130688
0.830130688
0.830130688","2025-06-22
2025-06-22
2025-06-22"
679,transcribe,"轉錄
抄寫
記錄
（將錄音等）轉成文字
（將音樂）改編（供不同樂器或人聲演奏）","0.7041045504
0.7041045504
0.7041045504
0.7041045504
0.7041045504","2025-06-22
2025-06-22
2025-06-22
2025-06-22
2025-06-22"
680,inscrutable,"難以理解的
莫測高深的
神秘的","0.823839232
0.823839232
0.823839232","2025-03-09
2025-03-09
2025-03-09"
681,bisect,"將…一分為二
把…分成兩半
把…對半分開","0.792381952
0.792381952
0.792381952","2025-03-07
2025-03-07
2025-03-07"
682,dissemble,"掩飾（真實想法、情感或意圖）
假裝
隱藏","0.7902848
0.7902848
0.7902848","2025-03-04
2025-03-04
2025-03-04"
683,conservative,"保守的
守舊的
（英國）保守黨的
（政治或社會）保守派人士","0.830130688
0.830130688
0.830130688
0.830130688","2025-06-22
2025-06-22
2025-06-22
2025-06-22"
684,undeserved,"不應得的
不該有的","0.819644928
0.819644928","2025-03-09
2025-03-09"
685,insidious,"隱約的
潛伏的
陰險的
狡猾的","0.7902848
0.7902848
0.7902848
0.7902848","2025-03-04
2025-03-04
2025-03-04
2025-03-04"
686,assimilate,"同化
（使）融入
吸收（知識、資訊等）","0.83222784
0.83222784
0.83222784","2025-06-28
2025-06-28
2025-06-28"
687,dissonant,"不和諧的
刺耳的
不一致的
衝突的","0.8221615104
0.8221615104
0.8221615104
0.8221615104","2025-06-22
2025-06-22
2025-06-22
2025-06-22"
688,sonorous,"洪亮的
響亮的
低沉渾厚的
響徹的","0.7647244493
0.7647244493
0.7647244493
0.7647244493","2025-03-08
2025-03-08
2025-03-08
2025-03-08"
689,auspicious,"吉利的
吉祥的
有利的","0.7902848
0.7902848
0.7902848","2025-03-07
2025-03-07
2025-03-07"
690,respect,"尊敬
尊重
敬意
方面
關於","0.830130688
0.830130688
0.830130688
0.830130688
0.830130688","2025-06-22
2025-06-22
2025-06-22
2025-06-22
2025-06-22"
691,retrospective,"回顧的
追溯的
回顧展","0.792381952
0.792381952
0.792381952","2025-03-07
2025-03-07
2025-03-07"
692,desperate,"絕望的
不顧一切的
非常需要的
極其嚴重的","0.830130688
0.830130688
0.830130688
0.830130688","2025-06-28
2025-06-28
2025-06-28
2025-06-28"
693,disperse,"散開
驅散
傳播
分散","0.792381952
0.792381952
0.792381952
0.792381952","2025-06-28
2025-06-28
2025-06-28
2025-06-28"
694,circumstantial,"依情況而定的
詳盡的
附帶的
間接的 (證據)","0.7902848
0.7902848
0.7902848
0.7902848","2025-06-28
2025-06-28
2025-06-28
2025-06-28"
695,stalwart,"堅定的
忠實的
健壯的
堅定的支持者
忠實的擁護者","0.77979904
0.77979904
0.77979904
0.77979904
0.77979904","2025-03-09
2025-03-09
2025-03-09
2025-03-09
2025-03-09"
696,static,"靜止的
靜態的
缺乏變化的
靜電
雜訊","0.7902848
0.7902848
0.7902848
0.7902848
0.7902848","2025-06-28
2025-06-28
2025-06-28
2025-06-28
2025-06-28"
697,stilted,"僵硬不自然的
矯揉造作的
誇張的","0.7902848
0.7902848
0.7902848","2025-06-28
2025-06-28
2025-06-28"
698,instigate,"煽動
發起
促使發生","0.7902848
0.7902848
0.7902848","2025-06-28
2025-06-28
2025-06-28"
699,constrain,"限制
約束
強迫
抑制","0.7902848
0.7902848
0.7902848
0.7902848","2025-06-28
2025-06-28
2025-06-28
2025-06-28"
700,strip,"脫掉 (衣服)
剝去
拆卸
奪去
條狀物
地帶","0.783862272
0.783862272
0.783862272
0.783862272
0.783862272
0.783862272","2025-06-22
2025-06-22
2025-06-22
2025-06-22
2025-06-22
2025-06-22"
701,catastrophe,"大災難
浩劫
徹底失敗","0.7902848
0.7902848
0.7902848","2025-06-28
2025-06-28
2025-06-28"
702,construe,"解釋
理解
分析","0.7902848
0.7902848
0.7902848","2025-06-28
2025-06-28
2025-06-28"
703,presume,"假定
推測
擅自行動
認為有資格","0.5902848
0.5902848
0.5902848
0.5902848","2025-06-28
2025-06-28
2025-06-28
2025-06-28"
704,contenance,"面容
臉色
支持 贊同","0.77979904
0.77979904
0.77979904","2025-03-09
2025-03-09
2025-03-09"
705,maintain,"維持
保持
贍養
維修
堅持認為","0.7902848
0.7902848
0.7902848
0.7902848
0.7902848","2025-06-28
2025-06-28
2025-06-28
2025-06-28
2025-06-28"
706,impertinent,"無禮的
魯莽的
不相關的","0.7902848
0.7902848
0.7902848","2025-06-28
2025-06-28
2025-06-28"
707,tenable,"站得住腳的
可防守的
可維持的","0.7902848
0.7902848
0.7902848","2025-06-28
2025-06-28
2025-06-28"
708,intemperance,"不節制
過度
放縱","0.783862272
0.783862272
0.783862272","2025-06-22
2025-06-22
2025-06-22"
709,contemplate,"沉思
仔細考慮
預期
打算","0.7902848
0.7902848
0.7902848
0.7902848","2025-06-28
2025-06-28
2025-06-28
2025-06-28"
710,attenuate,"使減弱
使變細
使稀薄","0.603382272
0.603382272
0.603382272","2025-06-22
2025-06-22
2025-06-22"
711,tenuous,"纖細的
稀薄的
脆弱的
不確定的","0.7859426468
0.7859426468
0.7859426468
0.7859426468","2025-06-22
2025-06-22
2025-06-22
2025-06-22"
712,interminable,"沒完沒了的
冗長的","0.7812316046
0.7812316046","2025-06-22
2025-06-22"
713,deterrent,"威懾物
遏制物
阻止物","0.77979904
0.77979904
0.77979904","2025-03-09
2025-03-09
2025-03-09"
714,detract,"貶低
有損於
減損","0.663839232
0.663839232
0.663839232","2025-03-09
2025-03-09
2025-03-09"
715,protract,"拖延
延長","0.7902848
0.7902848","2025-06-28
2025-06-28"
716,retract,"撤回
收回
縮回","0.7902848
0.7902848
0.7902848","2025-06-28
2025-06-28
2025-06-28"
717,tractable,"易於管教的
溫順的
易處理的","0.70422784
0.70422784
0.70422784","2025-06-22
2025-06-22
2025-06-22"
718,intrepid,"無畏的
勇敢的","0.76669184
0.76669184","2025-03-08
2025-03-08"
719,trenchant,"銳利的
尖刻的
清晰有力的","0.813353472
0.813353472
0.813353472","2025-06-22
2025-06-22
2025-06-22"
720,contrite,"悔恨的
深感懊悔的","0.7902848
0.7902848","2025-06-28
2025-06-28"
721,obtrude,"強加於人
闖入
突出","0.603382272
0.603382272
0.603382272","2025-06-22
2025-06-22
2025-06-22"
722,tumultuous,"騷亂的
喧囂的
波濤洶湧的
混亂的","0.77979904
0.77979904
0.77979904
0.77979904","2025-03-09
2025-03-09
2025-03-09
2025-03-09"
723,turmoil,"騷動
混亂
動亂","0.7902848
0.7902848
0.7902848","2025-06-28
2025-06-28
2025-06-28"
724,conundrum,"謎題
難題
複雜的問題","0.7902848
0.7902848
0.7902848","2025-06-28
2025-06-28
2025-06-28"
725,contravene,"違反
抵觸","0.70422784
0.70422784","2025-06-22
2025-06-22"
726,vengeance,"報復
復仇","0.67222784
0.67222784","2025-06-22
2025-06-22"
727,convergent,"會聚的
趨同的","0.70422784
0.70422784","2025-06-22
2025-06-22"
728,conversant,"熟悉的
精通的","0.77979904
0.77979904","2025-03-09
2025-03-09"
729,overt,"公開的
明顯的
非秘密的","0.76669184
0.76669184
0.76669184","2025-03-08
2025-03-08
2025-03-08"
730,devious,"狡猾的
不誠實的
彎曲的
迂迴的","0.7902848
0.7902848
0.7902848
0.7902848","2025-06-28
2025-06-28
2025-06-28
2025-06-28"
731,conviction,"定罪
堅信
信念","0.7902848
0.7902848
0.7902848","2025-06-28
2025-06-28
2025-06-28"
732,evince,"表明
顯示
表露","0.8066216141
0.8066216141
0.8066216141","2025-06-28
2025-06-28
2025-06-28"
733,vigilant,"警惕的
警戒的","0.7771513856
0.7771513856","2025-03-09
2025-03-09"
734,invigorate,"使精力充沛
使振奮
使活躍","0.800246272
0.800246272
0.800246272","2025-06-28
2025-06-28
2025-06-28"
735,gullible,"易受騙的
輕信的","0.77979904
0.77979904","2025-03-09
2025-03-09"
736,vilify,"誹謗
詆毀
醜化","0.76669184
0.76669184
0.76669184","2025-03-08
2025-03-08
2025-03-08"
737,provisional,"臨時的
暫時的
有條件的","0.8217211085
0.8217211085
0.8217211085","2025-03-09
2025-03-09
2025-03-09"
738,revitalize,"使恢復活力
使復興
使再生","0.7902848
0.7902848
0.7902848","2025-06-28
2025-06-28
2025-06-28"
739,irrevocable,"不可撤銷的
不可改變的","0.7902848
0.7902848","2025-06-28
2025-06-28"
740,vociferous,"喧嘩的
大聲叫喊的
吵鬧的","0.8494077092
0.8494077092
0.8494077092","2025-06-28
2025-06-28
2025-06-28"
741,devoid,"缺乏的
沒有的
空無的","0.7902848
0.7902848
0.7902848","2025-06-28
2025-06-28
2025-06-28"
742,voluble,"健談的
口若懸河的
流利的","0.7902848
0.7902848
0.7902848","2025-06-28
2025-06-28
2025-06-28"
743,welter,"混亂
雜亂的一堆
翻滾","0.800246272
0.800246272
0.800246272","2025-06-28
2025-06-28
2025-06-28"
744,absurd,"荒謬的
可笑的
不合理的","0.7902848
0.7902848
0.7902848","2025-06-28
2025-06-28
2025-06-28"
745,acquisitive,"貪婪的
想獲得的
有佔有慾的","0.77979904
0.77979904
0.77979904","2025-03-09
2025-03-09
2025-03-09"
746,adamant,"堅決的
固執的
堅硬的","0.7902848
0.7902848
0.7902848","2025-06-28
2025-06-28
2025-06-28"
747,allure,"誘惑
魅力
引誘","0.7902848
0.7902848
0.7902848","2025-06-28
2025-06-28
2025-06-28"
748,ancillary,"輔助的
附屬的
次要的","0.7902848
0.7902848
0.7902848","2025-06-28
2025-06-28
2025-06-28"
749,archaic,"古老的
過時的
已不用的","0.7902848
0.7902848
0.7902848","2025-06-28
2025-06-28
2025-06-28"
750,assuage,"減輕
緩和
平息","0.5902848
0.5902848
0.5902848","2025-06-28
2025-06-28
2025-06-28"
751,augur,"預示
是…的預兆","0.7902848
0.7902848","2025-06-28
2025-06-28"
752,avant-garde,"前衛的
先鋒的","0.7902848
0.7902848","2025-06-28
2025-06-28"
753,badger,"糾纏
一再煩擾","0.76669184
0.76669184","2025-06-22
2025-06-22"
754,baffle,"使困惑
使 BAFFLE","0.7902848
0.7902848","2025-06-28
2025-06-28"
755,banter,"開玩笑
戲謔","0.783862272
0.783862272","2025-06-22
2025-06-22"
756,bereft,"喪失的
被剝奪的","0.7730747318
0.7730747318","2025-06-22
2025-06-22"
757,blatant,"公然的
明目張膽的","0.7902848
0.7902848","2025-06-28
2025-06-28"
758,blight,"枯萎病
禍害
破壞","0.771410432
0.771410432
0.771410432","2025-06-22
2025-06-22
2025-06-22"
759,bogus,"假的
偽造的","0.7902848
0.7902848","2025-06-28
2025-06-28"
760,braggart,"吹牛大王
吹牛的人","0.7902848
0.7902848","2025-06-28
2025-06-28"
761,buttress,"支持
加強
扶壁","0.7902848
0.7902848
0.7902848","2025-06-28
2025-06-28
2025-06-28"
762,cagey,"謹慎的
守口如瓶的","0.7935353856
0.7935353856","2025-06-28
2025-06-28"
763,calumnious,"誹謗的
誣衊的","0.5902848
0.5902848","2025-06-28
2025-06-28"
764,caricature,"漫畫
諷刺畫
誇張的描繪","0.5902848
0.5902848
0.5902848","2025-06-28
2025-06-28
2025-06-28"
765,categorical,"絕對的
明確的
無條件的
分類的
屬於某一範疇的","0.7902848
0.7902848
0.7902848
0.7902848
0.7902848","2025-06-28
2025-06-28
2025-06-28
2025-06-28
2025-06-28"
766,comity,"禮讓
友誼
和諧關係
（國家間的）相互尊重","0.7089086833
0.7089086833
0.7089086833
0.7089086833","2025-06-28
2025-06-28
2025-06-28
2025-06-28"
767,conniving,"默許的
縱容的
串通的
密謀的","0.685353472
0.685353472
0.685353472
0.685353472","2025-06-22
2025-06-22
2025-06-22
2025-06-22"
768,contrive,"謀劃
策劃
設計
想出
設法做到","0.7902848
0.7902848
0.7902848
0.7902848
0.7902848","2025-06-28
2025-06-28
2025-06-28
2025-06-28
2025-06-28"
769,dearth,"缺乏
不足
稀少","0.6332552431
0.6332552431
0.6332552431","2025-06-28
2025-06-28
2025-06-28"
770,deterioration,"惡化
變質
退化
衰退","0.5902848
0.5902848
0.5902848
0.5902848","2025-06-28
2025-06-28
2025-06-28
2025-06-28"
771,detest,"憎恨
厭惡
痛恨","0.50422784
0.50422784
0.50422784","2025-06-28
2025-06-28
2025-06-28"
772,disproportionate,"不成比例的
不相稱的
過大的
過小的","0.635382272
0.635382272
0.635382272
0.635382272","2025-06-22
2025-06-22
2025-06-22
2025-06-22"
773,enfetter,"束縛
桎梏
奴役
使受限制","0.5882827776
0.5882827776
0.5882827776
0.5882827776","2025-06-22
2025-06-22
2025-06-22
2025-06-22"
774,entice,"引誘
誘惑
慫恿","0.70422784
0.70422784
0.70422784","2025-06-28
2025-06-28
2025-06-28"
775,exiguous,"稀少的
少量的
微薄的","0.70422784
0.70422784
0.70422784","2025-06-28
2025-06-28
2025-06-28"
776,exude,"散發
流出
滲出
顯露
洋溢","0.50422784
0.50422784
0.50422784
0.50422784
0.50422784","2025-06-28
2025-06-28
2025-06-28
2025-06-28
2025-06-28"
777,foster,"培養
促進
撫育
收養","0.5902848
0.5902848
0.5902848
0.5902848","2025-06-28
2025-06-28
2025-06-28
2025-06-28"
778,galvanize,"刺激
激勵
使振奮
鍍鋅","0.7902848
0.7902848
0.7902848
0.7902848","2025-06-28
2025-06-28
2025-06-28
2025-06-28"
779,gauge,"測量
評估
判斷
尺度
規
計量器
口徑","0.7902848
0.7902848
0.7902848
0.7902848
0.7902848
0.7902848
0.7902848","2025-06-28
2025-06-28
2025-06-28
2025-06-28
2025-06-28
2025-06-28
2025-06-28"
780,gripe,"抱怨
發牢騷
使不舒服","0.7902848
0.7902848
0.7902848","2025-06-28
2025-06-28
2025-06-28"
781,harangue,"長篇大論的訓斥
慷慨激昂的演說","0.663839232
0.663839232","2025-06-22
2025-06-22"
782,hitherto,"迄今
到目前為止","0.7902848
0.7902848","2025-06-28
2025-06-28"
783,impeachable,"可指責的
可彈劾的
可控告的","0.7902848
0.7902848
0.7902848","2025-06-28
2025-06-28
2025-06-28"
784,imperil,"危及
使陷於危險","0.7902848
0.7902848","2025-06-28
2025-06-28"
785,inchoate,"剛開始的
未成熟的
不成熟的","0.7771513856
0.7771513856
0.7771513856","2025-06-22
2025-06-22
2025-06-22"
786,incisiveness,"敏銳
深刻
切中要害","0.77979904
0.77979904
0.77979904","2025-06-22
2025-06-22
2025-06-22"
787,indifferent,"漠不關心的
不感興趣的
平庸的
無關緊要的","0.76669184
0.76669184
0.76669184
0.76669184","2025-06-22
2025-06-22
2025-06-22
2025-06-22"
788,industrious,"勤奮的
勤勞的","0.70422784
0.70422784","2025-06-28
2025-06-28"
789,inquisitive,"好問的
愛打聽的
好奇的","0.7902848
0.7902848
0.7902848","2025-06-28
2025-06-28
2025-06-28"
790,interplay,"相互作用
相互影響","0.50422784
0.50422784","2025-06-28
2025-06-28"
791,lavish,"豐富的
大量的
慷慨的
奢侈的
揮霍的","0.783862272
0.783862272
0.783862272
0.783862272
0.783862272","2025-06-22
2025-06-22
2025-06-22
2025-06-22
2025-06-22"
792,lax,"鬆懈的
不嚴格的
馬虎的","0.7083648
0.7083648
0.7083648","2025-06-22
2025-06-22
2025-06-22"
793,layout,"佈局
版面設計
規劃","0.521462272
0.521462272
0.521462272","2025-06-22
2025-06-22
2025-06-22"
794,lethal,"致命的
危險的","0.737856
0.737856","2025-06-22
2025-06-22"
795,list,"傾斜
列表
目錄","0.737856
0.737856
0.737856","2025-06-22
2025-06-22
2025-06-22"
796,lopsided,"不平衡的
傾向一邊的
歪斜的","0.737856
0.737856
0.737856","2025-06-22
2025-06-22
2025-06-22"
797,malleable,"可塑的
易受影響的
韌性的","0.609856
0.609856
0.609856","2025-06-22
2025-06-22
2025-06-22"
798,momentary,"瞬間的
短暫的","0.609856
0.609856","2025-06-22
2025-06-22"
799,nubulous,"模糊的
朦朧的
多雲的","0.67232
0.67232
0.67232","2025-06-22
2025-06-22
2025-06-22"
800,oblique,"傾斜的
間接的
拐彎抹角的","0.639519232
0.639519232
0.639519232","2025-06-22
2025-06-22
2025-06-22"
801,outgrowth,"結果
產物
自然發展
生長物","0.67232
0.67232
0.67232
0.67232","2025-06-22
2025-06-22
2025-06-22
2025-06-22"
802,overbearing,"專橫的
傲慢的
盛氣凌人的","0.635456
0.635456
0.635456","2025-06-22
2025-06-22
2025-06-22"
803,palliative,"緩和的
治標不治本的
緩解劑
權宜之計","0.6290547057
0.6290547057
0.6290547057
0.6290547057","2025-06-22
2025-06-22
2025-06-22
2025-06-22"
804,philistine,"沒有文化素養的人
俗氣的人
缺乏藝術品味的","0.61186304
0.61186304
0.61186304","2025-06-22
2025-06-22
2025-06-22"
805,phlegmatic,"冷靜的
沉著的
不易動感情的","0.6428288
0.6428288
0.6428288","2025-06-22
2025-06-22
2025-06-22"
806,plastic,"塑膠的
可塑的
有彈性的
人造的","0.7247488
0.7247488
0.7247488
0.7247488","2025-06-22
2025-06-22
2025-06-22
2025-06-22"
807,presage,"預示
預兆","0.5442543821
0.5442543821","2025-06-22
2025-06-22"
808,propensity,"傾向
習性
癖好","0.3278848
0.3278848
0.3278848","2025-06-22
2025-06-22
2025-06-22"
809,querulous,"抱怨的
發牢騷的
易怒的","0.67232
0.67232
0.67232","2025-06-22
2025-06-22
2025-06-22"
810,rebuke,"斥責
指責
訓斥","0.645417472
0.645417472
0.645417472","2025-06-22
2025-06-22
2025-06-22"
811,rebut,"反駁
駁斥
駁回","0.3278848
0.3278848
0.3278848","2025-06-22
2025-06-22
2025-06-22"
812,rehash,"舊事重提
炒冷飯
改頭換面地重複","0.609856
0.609856
0.609856","2025-06-22
2025-06-22
2025-06-22"
813,ridge,"山脊
屋脊
隆起的部分
田埂","0.609856
0.609856
0.609856
0.609856","2025-06-22
2025-06-22
2025-06-22
2025-06-22"
814,schematic,"圖解的
示意圖的
概要的
簡明的","0.67232
0.67232
0.67232
0.67232","2025-06-22
2025-06-22
2025-06-22
2025-06-22"
815,serendipitous,"意外發現的
機緣巧合的
偶然所得的","0.67232
0.67232
0.67232","2025-06-28
2025-06-28
2025-06-28"
816,somatice,"肉體的
軀體的
體細胞的","0.67232
0.67232
0.67232","2025-06-28
2025-06-28
2025-06-28"
817,sordid,"骯髒的
卑鄙的
不道德的
下流的
貪婪的","0.5904
0.5904
0.5904
0.5904
0.5904","2025-03-08
2025-03-08
2025-03-08
2025-03-08
2025-03-08"
818,spontaneous,"自發的
自然的
無意識的
即興的","0.5904
0.5904
0.5904
0.5904","2025-03-08
2025-03-08
2025-03-08
2025-03-08"
819,sterling,"優秀的
可靠的
純粹的
標準的 (指英國貨幣)","0.5904
0.5904
0.5904
0.5904","2025-03-08
2025-03-08
2025-03-08
2025-03-08"
820,stratification,"分層
層次
地層
社會階層","0.5904
0.5904
0.5904
0.5904","2025-03-08
2025-03-08
2025-03-08
2025-03-08"
821,syntax,"語法
句法
句法結構","0.5904
0.5904
0.5904","2025-03-08
2025-03-08
2025-03-08"
822,temerity,"魯莽
大膽
冒失","0.67232
0.67232
0.67232","2025-06-28
2025-06-28
2025-06-28"
823,terse,"簡潔的
簡練的
扼要的","0.635456
0.635456
0.635456","2025-06-22
2025-06-22
2025-06-22"
824,unseemly,"不適當的
不得體的
不雅的","0.51232
0.51232
0.51232","2025-03-08
2025-03-08
2025-03-08"
825,wary,"小心的
警惕的
提防的","0.51232
0.51232
0.51232","2025-03-08
2025-03-08
2025-03-08"
826,exactitude,"精確性
正確性
嚴謹","0.5904
0.5904
0.5904","2025-03-08
2025-03-08
2025-03-08"
827,coalesce,"合併
聯合
結合
融合","0.51739904
0.51739904
0.51739904
0.51739904","2025-06-22
2025-06-22
2025-06-22
2025-06-22"
828,analgesic,"止痛劑
鎮痛劑
止痛的
鎮痛的","0.5904
0.5904
0.5904
0.5904","2025-03-08
2025-03-08
2025-03-08
2025-03-08"
829,pusillanimous,"膽怯的
懦弱的
缺乏勇氣的","0.5904
0.5904
0.5904","2025-03-08
2025-03-08
2025-03-08"
830,antique,"古董
古物
古老的
古董的","0.6428288
0.6428288
0.6428288
0.6428288","2025-06-22
2025-06-22
2025-06-22
2025-06-22"
831,adept,"熟練的
擅長的
內行的
專家
能手","0.51232
0.51232
0.51232
0.51232
0.51232","2025-03-08
2025-03-08
2025-03-08
2025-03-08
2025-03-08"
832,artifice,"詭計
計謀
策略
狡猾","0.5904
0.5904
0.5904
0.5904","2025-03-08
2025-03-08
2025-03-08
2025-03-08"
833,exasperate,"使惱怒
使 exasperate
激怒","0.655936
0.655936
0.655936","2025-06-22
2025-06-22
2025-06-22"
834,astronomical,"天文學的
天文數字的
極其巨大的","0.5904
0.5904
0.5904","2025-03-08
2025-03-08
2025-03-08"
835,lambaste,"嚴厲斥責
痛罵
猛烈抨擊","0.5904
0.5904
0.5904","2025-03-08
2025-03-08
2025-03-08"
836,bellicose,"好戰的
好鬥的
挑釁的","0.5904
0.5904
0.5904","2025-03-08
2025-03-08
2025-03-08"
837,belligerent,"好戰的
交戰的
交戰國
參戰方","0.51232
0.51232
0.51232
0.51232","2025-03-08
2025-03-08
2025-03-08
2025-03-08"
838,rebellious,"叛逆的
反抗的
不服從的","0.5904
0.5904
0.5904","2025-03-08
2025-03-08
2025-03-08"
839,forbidding,"令人生畏的
嚴峻的
險惡的","0.5904
0.5904
0.5904","2025-03-08
2025-03-08
2025-03-08"
840,brevity,"簡潔
短暫","0.5647488
0.5647488","2025-06-22
2025-06-22"
841,coincide,"同時發生
巧合
一致","0.5904
0.5904
0.5904","2025-03-08
2025-03-08
2025-03-08"
842,nonchalant,"漠不關心的
冷淡的
漫不經心的","0.5904
0.5904
0.5904","2025-03-08
2025-03-08
2025-03-08"
843,capitulate,"投降
屈服","0.5904
0.5904","2025-03-08
2025-03-08"
844,encapsulation,"封裝
囊括","0.51232
0.51232","2025-03-08
2025-03-08"
845,caustic,"腐蝕性的
刻薄的
尖酸的","0.5904
0.5904
0.5904","2025-03-08
2025-03-08
2025-03-08"
846,chivalrous,"有騎士精神的
俠義的
彬彬有禮的","0.5904
0.5904
0.5904","2025-03-08
2025-03-08
2025-03-08"
847,chastise,"嚴厲批評
懲罰","0.5904
0.5904","2025-03-08
2025-03-08"
848,chronic,"慢性的
長期的
習以為常的","0.5904
0.5904
0.5904","2025-03-08
2025-03-08
2025-03-08"
849,succinct,"簡潔的
扼要的","0.5904
0.5904","2025-03-08
2025-03-08"
850,precocious,"早熟的
超常的","0.5904
0.5904","2025-03-08
2025-03-08"
851,codify,"編纂
系統化","0.51232
0.51232","2025-03-08
2025-03-08"
852,accolade,"榮譽
讚揚
嘉獎","0.5904
0.5904
0.5904","2025-03-08
2025-03-08
2025-03-08"
853,concord,"和諧
一致
協和","0.5904
0.5904
0.5904","2025-03-08
2025-03-08
2025-03-08"
854,cordial,"熱誠的
友好的
衷心的","0.5904
0.5904
0.5904","2025-03-08
2025-03-08
2025-03-08"
855,copious,"豐富的
大量的
多產的","0.56992
0.56992
0.56992","2025-03-08
2025-03-08
2025-03-08"
856,accretion,"增長
積聚
生長物
添加物","0.5904
0.5904
0.5904
0.5904","2025-03-08
2025-03-08
2025-03-08
2025-03-08"
857,discredit,"使不相信
使丟臉
敗壞…的名聲
喪失聲譽的原因
不名譽
可疑","0.56992
0.56992
0.56992
0.56992
0.56992
0.56992","2025-03-08
2025-03-08
2025-03-08
2025-03-08
2025-03-08
2025-03-08"
858,excrete,"排泄
分泌","0.5904
0.5904","2025-03-08
2025-03-08"
859,exculpate,"開脫
申辯無罪","0.5904
0.5904","2025-03-08
2025-03-08"
860,concur,"同意
意見一致
同時發生
共同起作用","0.5904
0.5904
0.5904
0.5904","2025-03-08
2025-03-08
2025-03-08
2025-03-08"
861,decorous,"得體的
合宜的
高雅的","0.5904
0.5904
0.5904","2025-03-08
2025-03-08
2025-03-08"
862,deleterious,"有害的
有毒的","0.5904
0.5904","2025-03-08
2025-03-08"
863,dexterous,"靈巧的
敏捷的
熟練的","0.5148288
0.5148288
0.5148288","2025-03-08
2025-03-08
2025-03-08"
864,dilemma,"困境
進退兩難","0.5803648
0.5803648","2025-03-08
2025-03-08"
865,abdicate,"退位
放棄（職權、責任等）","0.5904
0.5904","2025-03-08
2025-03-08"
866,dictate,"口授
命令
指示
支配
規定
命令
指示","0.5904
0.5904
0.5904
0.5904
0.5904
0.5904
0.5904","2025-03-08
2025-03-08
2025-03-08
2025-03-08
2025-03-08
2025-03-08
2025-03-08"
867,verdict,"判決
裁定
結論
意見","0.5904
0.5904
0.5904
0.5904","2025-03-08
2025-03-08
2025-03-08
2025-03-08"
868,endorse,"支持
認可
背書
簽署（支票等）
推薦","0.5904
0.5904
0.5904
0.5904
0.5904","2025-03-08
2025-03-08
2025-03-08
2025-03-08
2025-03-08"
869,heterodox,"異端的
非正統的","0.5904
0.5904","2025-03-08
2025-03-08"
870,deduce,"推斷
推論
演繹","0.5904
0.5904
0.5904","2025-03-08
2025-03-08
2025-03-08"
871,deduct,"扣除
減去","0.5904
0.5904","2025-03-08
2025-03-08"
872,seductive,"誘惑的
迷人的
有魅力的","0.5904
0.5904
0.5904","2025-03-08
2025-03-08
2025-03-08"
873,equanimity,"平靜
鎮定
沉著","0.5904
0.5904
0.5904","2025-03-08
2025-03-08
2025-03-08"
874,defamatory,"誹謗的
詆毀的","0.54432
0.54432","2025-03-08
2025-03-08"
875,facility,"設施
設備
場所
能力
才能
熟練
容易","0.54432
0.54432
0.54432
0.54432
0.54432
0.54432
0.54432","2025-03-08
2025-03-08
2025-03-08
2025-03-08
2025-03-08
2025-03-08
2025-03-08"
876,malfeasance,"不法行為
瀆職
失職","0.5904
0.5904
0.5904","2025-03-08
2025-03-08
2025-03-08"
877,counterfeit,"偽造的
仿冒的
假冒的
贗品
仿製品
偽造
仿冒","0.5904
0.5904
0.5904
0.5904
0.5904
0.5904
0.5904","2025-03-08
2025-03-08
2025-03-08
2025-03-08
2025-03-08
2025-03-08
2025-03-08"
878,surfeit,"過量
過剩
厭膩
使…過量
使…厭膩","0.56992
0.56992
0.56992
0.56992
0.56992","2025-03-08
2025-03-08
2025-03-08
2025-03-08
2025-03-08"
879,felicitous,"恰當的
得體的
貼切的
幸福的
愉快的","0.5904
0.5904
0.5904
0.5904
0.5904","2025-03-08
2025-03-08
2025-03-08
2025-03-08
2025-03-08"
880,odoriferous,"有氣味的
散發氣味的
芬芳的
惡臭的","0.5904
0.5904
0.5904
0.5904","2025-03-08
2025-03-08
2025-03-08
2025-03-08"
881,fictitious,"虛構的
假想的
編造的","0.5904
0.5904
0.5904","2025-03-08
2025-03-08
2025-03-08"
882,ramification,"分支
分枝
衍生物
後果
影響","0.5904
0.5904
0.5904
0.5904
0.5904","2025-03-08
2025-03-08
2025-03-08
2025-03-08
2025-03-08"
883,prefigure,"預示
預兆
預想","0.5904
0.5904
0.5904","2025-03-08
2025-03-08
2025-03-08"
884,infinite,"無限的
無窮的
巨大的
無數的
無限","0.5904
0.5904
0.5904
0.5904
0.5904","2025-03-08
2025-03-08
2025-03-08
2025-03-08
2025-03-08"
885,inflate,"使充氣
使膨脹
使價格上漲
誇大","0.5904
0.5904
0.5904
0.5904","2025-03-08
2025-03-08
2025-03-08
2025-03-08"
886,deflect,"使偏斜
使轉向
避開","0.553536
0.553536
0.553536","2025-03-08
2025-03-08
2025-03-08"
887,fugitive,"逃亡者
難民
短暫的
流動的","0.5904
0.5904
0.5904
0.5904","2025-03-08
2025-03-08
2025-03-08
2025-03-08"
888,refugee,難民,0.5904,2025-03-08
889,hieroglyph,"象形文字
圖畫文字
難以辨認的符號","0.5904
0.5904
0.5904","2025-03-08
2025-03-08
2025-03-08"
890,demography,"人口統計學
人口學","0.5904
0.5904","2025-03-08
2025-03-08"
891,ingratiate,"討好
奉承","0.5904
0.5904","2025-03-08
2025-03-08"
892,egregious,"極壞的
駭人聽聞的
惡名昭彰的","0.5904
0.5904
0.5904","2025-03-08
2025-03-08
2025-03-08"
893,gregarious,"群居的
好社交的","0.5904
0.5904","2025-03-08
2025-03-08"
894,adherent,"信徒
追隨者
擁護者","0.5904
0.5904
0.5904","2025-03-08
2025-03-08
2025-03-08"
895,heretical,"異端的
非正統的","0.5904
0.5904","2025-03-08
2025-03-08"
896,hortatory,"勸告的
鼓勵的","0.5904
0.5904","2025-03-08
2025-03-08"
897,hydrate,"使水合
補水
水合物","0.5904
0.5904
0.5904","2025-03-10
2025-03-10
2025-03-10"
898,ideology,"意識形態
思想體系","0.5904
0.5904","2025-03-10
2025-03-10"
899,imperious,"專橫的
傲慢的
緊急的
迫切的","0.5904
0.5904
0.5904
0.5904","2025-03-10
2025-03-10
2025-03-10
2025-03-10"
900,juvenile,"青少年的
幼稚的，不成熟的
少年犯","0.5904
0.5904
0.5904","2025-03-10
2025-03-10
2025-03-10"
901,dilute,"稀釋
減弱，沖淡","0.51232
0.51232","2025-03-10
2025-03-10"
902,levity,輕浮，輕率,0.54432,2025-03-09
903,delineate,"描繪，勾勒
描述，闡明","0.5904
0.5904","2025-03-10
2025-03-10"
904,locus,"地點，場所
（數學）軌跡","0.5904
0.5904","2025-03-10
2025-03-10"
905,circumlocution,迂迴的說法，贅語,0.5904,2025-03-10
906,malign,"惡意的，有害的
誹謗，中傷","0.5904
0.5904","2025-03-10
2025-03-10"
907,emanate,"散發，發出（氣味、光線、熱等）
源於，產生於","0.5904
0.5904","2025-03-10
2025-03-10"
908,manuscript,"手稿，原稿
手寫的","0.5904
0.5904","2025-03-10
2025-03-10"
909,demanding,"要求高的，苛刻的
費力的，耗時的","0.5904
0.5904","2025-03-10
2025-03-10"
910,mediate,"調解，斡旋
居中，作為中間環節","0.5904
0.5904","2025-03-10
2025-03-10"
911,demeanor,舉止，風度，儀態,0.54432,2025-03-09
912,menacing,威脅的，恐嚇的,0.5904,2025-03-10
913,amend,"修改，修訂（法律、文件等）
改善，改進","0.5904
0.5904","2025-03-10
2025-03-10"
914,emend,校訂，修訂（文本，通常是通過去除錯誤）,0.5904,2025-03-10
915,mentor,"導師
指導者
顧問","0.5904
0.5904
0.5904","2025-03-10
2025-03-10
2025-03-10"
916,perimeter,"周長
周邊
邊界
外圍","0.56992
0.56992
0.56992
0.56992","2025-03-09
2025-03-09
2025-03-09
2025-03-09"
917,eminence,"顯赫
卓越
高位
聲望
傑出人物","0.495936
0.495936
0.495936
0.495936
0.495936","2025-03-10
2025-03-10
2025-03-10
2025-03-10
2025-03-10"
918,demise,"死亡
逝世
終止
倒閉
消亡","0.5904
0.5904
0.5904
0.5904
0.5904","2025-03-10
2025-03-10
2025-03-10
2025-03-10
2025-03-10"
919,intermittent,"間歇性的
斷斷續續的","0.5904
0.5904","2025-03-10
2025-03-10"
920,surmise,"猜測
推測
臆測","0.56992
0.56992
0.56992","2025-03-10
2025-03-10
2025-03-10"
921,mitigant,"緩解劑
減輕物
緩和因素","0.5904
0.5904
0.5904","2025-03-10
2025-03-10
2025-03-10"
922,mollify,"安撫
撫慰
使平靜
軟化","0.5904
0.5904
0.5904
0.5904","2025-03-10
2025-03-10
2025-03-10
2025-03-10"
923,moralistic,"道德說教的
教訓人的
講道德的","0.5904
0.5904
0.5904","2025-03-10
2025-03-10
2025-03-10"
924,moribund,"垂死的
行將滅亡的
瀕臨倒閉的
了無生氣的","0.5904
0.5904
0.5904
0.5904","2025-03-10
2025-03-10
2025-03-10
2025-03-10"
925,paramount,"最重要的
至高無上的
首要的","0.5904
0.5904
0.5904","2025-03-10
2025-03-10
2025-03-10"
926,surmount,"克服
越過
登上
解決","0.5904
0.5904
0.5904
0.5904","2025-03-10
2025-03-10
2025-03-10
2025-03-10"
927,immutable,"不可改變的
永恆不變的","0.5904
0.5904","2025-03-10
2025-03-10"
928,innate,"天生的
固有的
與生俱來的","0.5904
0.5904
0.5904","2025-03-10
2025-03-10
2025-03-10"
929,nascent,"初生的
新興的
剛開始發展的","0.5904
0.5904
0.5904","2025-03-10
2025-03-10
2025-03-10"
930,natal,"出生的
與出生有關的","0.5904
0.5904","2025-03-10
2025-03-10"
931,enervate,"使衰弱
使失去活力","0.5904
0.5904","2025-03-10
2025-03-10"
932,annex,"併吞
附加
附屬建築
增補物","0.5904
0.5904
0.5904
0.5904","2025-03-10
2025-03-10
2025-03-10
2025-03-10"
933,noxious,"有害的
有毒的","0.56992
0.56992","2025-03-10
2025-03-10"
934,annotate,"註解
作註釋","0.5904
0.5904","2025-03-10
2025-03-10"
935,pronounced,"明顯的
顯著的
堅定的
斷然的","0.5904
0.5904
0.5904
0.5904","2025-03-10
2025-03-10
2025-03-10
2025-03-10"
936,novice,"新手
初學者
新入教者","0.5904
0.5904
0.5904","2025-03-10
2025-03-10
2025-03-10"
937,malodorous,"惡臭的
發出難聞氣味的","0.5904
0.5904","2025-03-10
2025-03-10"
938,onerous,"繁重的
費力的
艱巨的","0.5904
0.5904
0.5904","2025-03-10
2025-03-10
2025-03-10"
939,ornate,"裝飾華麗的
雕飾繁複的","0.5904
0.5904","2025-03-10
2025-03-10"
940,palpable,"可觸知的
摸得到的
明顯的
易察覺的","0.5904
0.5904
0.5904
0.5904","2025-03-10
2025-03-10
2025-03-10
2025-03-10"
941,impart,"傳授
告知
給予
賦予","0.56992
0.56992
0.56992
0.56992","2025-03-10
2025-03-10
2025-03-10
2025-03-10"
942,compassionate,"有同情心的
慈悲的","0.5904
0.5904","2025-03-10
2025-03-10"
943,impassive,"無動於衷的
不動聲色的
冷漠的","0.5904
0.5904
0.5904","2025-03-10
2025-03-10
2025-03-10"
944,pathological,"病理學的
疾病的
病態的
不理智的","0.5904
0.5904
0.5904
0.5904","2025-03-10
2025-03-10
2025-03-10
2025-03-10"
945,impecunious,"貧困的
身無分文的","0.5904
0.5904","2025-03-10
2025-03-10"
946,pecuniary,"金錢的
財政的","0.54432
0.54432","2025-03-09
2025-03-09"
947,pedantic,"賣弄學問的
迂腐的
學究式的","0.5904
0.5904
0.5904","2025-03-10
2025-03-10
2025-03-10"
948,penitential,"懺悔的
悔罪的","0.51232
0.51232","2025-03-10
2025-03-10"
949,impending,"即將發生的
迫近的","0.54432
0.54432","2025-03-09
2025-03-09"
950,pending,"未決的
懸而未決的
待定的
即將發生的","0.5904
0.5904
0.5904
0.5904","2025-03-10
2025-03-10
2025-03-10
2025-03-10"
951,petulant,"任性的
易怒的
暴躁的","0.5904
0.5904
0.5904","2025-03-10
2025-03-10
2025-03-10"
952,propitious,"吉利的
有利的
適合的","0.5904
0.5904
0.5904","2025-03-10
2025-03-10
2025-03-10"
953,sycophant,"馬屁精
奉承者
諂媚者","0.56992
0.56992
0.56992","2025-03-10
2025-03-10
2025-03-10"
954,pious,"虔誠的
篤信的
假裝虔誠的
虛偽的","0.5904
0.5904
0.5904
0.5904","2025-03-10
2025-03-10
2025-03-10
2025-03-10"
955,placebo,"安慰劑
無效對照劑","0.67232
0.67232","2025-03-10
2025-03-10"
956,duplicate,"複製
重複
副本
複製品","0.3904
0.3904
0.3904
0.3904","2025-03-10
2025-03-10
2025-03-10
2025-03-10"
957,pompous,"浮誇的
自大的
華而不實的","0.5904
0.5904
0.5904","2025-03-10
2025-03-10
2025-03-10"
958,ponder,"沉思
仔細考慮
琢磨","0.5904
0.5904
0.5904","2025-03-10
2025-03-10
2025-03-10"
959,juxtapose,"並置
並列
將…並列放置","0.5904
0.5904
0.5904","2025-03-10
2025-03-10
2025-03-10"
960,predisposition,"傾向
易感性","0.5904
0.5904","2025-03-10
2025-03-10"
961,omnipotent,"全能的
萬能的","0.5904
0.5904","2025-03-10
2025-03-10"
962,pressing,"緊迫的
緊急的
重要的","0.5904
0.5904
0.5904","2025-03-10
2025-03-10
2025-03-10"
963,priority,"優先事項
優先權","0.5904
0.5904","2025-03-10
2025-03-10"
964,propaganda,"宣傳
鼓吹","0.5904
0.5904","2025-03-10
2025-03-10"
965,repulse,"擊退
驅逐
拒絕
使厭惡","0.5904
0.5904
0.5904
0.5904","2025-03-10
2025-03-10
2025-03-10
2025-03-10"
966,quirky,"古怪的
奇特的","0.5904
0.5904","2025-03-10
2025-03-10"
967,regime,"政權
體制
制度","0.5904
0.5904
0.5904","2025-03-10
2025-03-10
2025-03-10"
968,deride,"嘲笑
嘲弄","0.5904
0.5904","2025-03-10
2025-03-10"
969,ridicule,"嘲笑
奚落
嘲弄","0.488
0.488
0.488","2025-03-09
2025-03-09
2025-03-09"
970,shrug,聳肩,0.488,2025-03-09
971,disrupt,"擾亂
使中斷
打斷","0.495936
0.495936
0.495936","2025-03-10
2025-03-10
2025-03-10"
972,salubrious,"有益健康的
清爽的","0.488
0.488","2025-03-09
2025-03-09"
973,omniscient,"無所不知的
全知的","0.488
0.488","2025-03-09
2025-03-09"
974,resemble,"像
類似","0.488
0.488","2025-03-09
2025-03-09"
975,assent,"同意
贊成
允許","0.488
0.488
0.488","2025-03-09
2025-03-09
2025-03-09"
976,observant,"善於觀察的
注意的
嚴格遵守的","0.488
0.488
0.488","2025-03-09
2025-03-09
2025-03-09"
977,assiduous,"勤勉的
刻苦的
不懈的","0.488
0.488
0.488","2025-03-09
2025-03-09
2025-03-09"
978,solitary,"單獨的
獨自的
喜歡獨處的
唯一的
隔離的","0.488
0.488
0.488
0.488
0.488","2025-03-09
2025-03-09
2025-03-09
2025-03-09
2025-03-09"
979,resonate,"共鳴
引起反響
迴盪","0.488
0.488
0.488","2025-03-09
2025-03-09
2025-03-09"
980,despicable,"可鄙的
卑劣的
不齒的","0.488
0.488
0.488","2025-03-09
2025-03-09
2025-03-09"
981,perspicuous,"清楚明白的
明晰的
易懂的","0.488
0.488
0.488","2025-03-09
2025-03-09
2025-03-09"
982,apostasy,"叛教
變節
放棄信仰","0.488
0.488
0.488","2025-03-09
2025-03-09
2025-03-09"
983,ecstatic,"狂喜的
欣喜若狂的
入迷的","0.488
0.488
0.488","2025-03-09
2025-03-09
2025-03-09"
984,misconstrue,"誤解
曲解
錯誤地解釋","0.488
0.488
0.488","2025-03-09
2025-03-09
2025-03-09"
985,contingent,"依情況而定的
偶然的
可能的
偶發事件
分遣隊","0.488
0.488
0.488
0.488
0.488","2025-03-09
2025-03-09
2025-03-09
2025-03-09
2025-03-09"
986,abstinent,"節制的
禁慾的
戒除的","0.488
0.488
0.488","2025-03-09
2025-03-09
2025-03-09"
987,extemporize,"即興演講
即興創作
臨時湊合","0.54432
0.54432
0.54432","2025-03-10
2025-03-10
2025-03-10"
988,anatomical,"解剖學的
解剖的","0.488
0.488","2025-03-09
2025-03-09"
989,tortuous,"彎彎曲曲的
蜿蜒的
複雜難懂的
欺詐的","0.488
0.488
0.488
0.488","2025-03-09
2025-03-09
2025-03-09
2025-03-09"
990,detour,"繞道
彎路","0.488
0.488","2025-03-09
2025-03-09"
991,diatribe,"抨擊
漫罵","0.488
0.488","2025-03-09
2025-03-09"
992,contumacious,"抗拒的
倔強的","0.488
0.488","2025-03-09
2025-03-09"
993,imperturbable,"沉著的
不動聲色的","0.488
0.488","2025-03-09
2025-03-09"
994,prevalent,"流行的
普遍的","0.488
0.488","2025-03-10
2025-03-10"
995,variability,"可變性
變化性","0.488
0.488","2025-03-09
2025-03-09"
996,provenance,"來源
出處","0.488
0.488","2025-03-09
2025-03-09"
997,vernacular,"方言
白話
本地的","0.488
0.488
0.488","2025-03-09
2025-03-09
2025-03-09"
998,incontrovertible,"無可辯駁的
不容置疑的","0.488
0.488","2025-03-09
2025-03-09"
999,divert,"轉移
使轉向
娛樂","0.527936
0.527936
0.527936","2025-03-10
2025-03-10
2025-03-10"
1000,reversible,"可逆的
可翻轉的","0.36
0.36","2025-06-28
2025-06-28"
1001,revert,"恢復
回復
歸還","0.36
0.36
0.36","2025-06-28
2025-06-28
2025-06-28"
1002,vestige,"遺跡
殘餘
痕跡","0.36
0.36
0.36","2025-06-28
2025-06-28
2025-06-28"
1003,deviate,"偏離
越軌","0.36
0.36","2025-06-28
2025-06-28"
1004,impervious,"不透水的
不受影響的","0.16
0.16","2025-06-28
2025-06-28"
1005,vigorous,"精力充沛的
強而有力的
有活力的","0.36
0.36
0.36","2025-06-28
2025-06-28
2025-06-28"
1006,guile,"狡猾
詭計
欺詐","0.16
0.16
0.16","2025-06-28
2025-06-28
2025-06-28"
1007,providential,"湊巧的
及時的
天意的","0.36
0.36
0.36","2025-06-28
2025-06-28
2025-06-28"
1008,vital,"極其重要的
維持生命所必需的
有活力的","0.36
0.36
0.36","2025-06-28
2025-06-28
2025-06-28"
1009,provocative,"煽動性的
挑釁的
引人深思的","0.0
0.0
0.0","2025-06-28
2025-06-28
2025-06-28"
1010,univocal,"意義明確的
單一含義的
無歧義的","0.2
0.2
0.2","2025-06-28
2025-06-28
2025-06-28"
1011,devour,"狼吞虎嚥地吃
吞噬
耗盡","0.36
0.36
0.36","2025-06-28
2025-06-28
2025-06-28"
1012,voracious,"貪婪的
狼吞虎嚥的
求知慾旺盛的","0.36
0.36
0.36","2025-06-28
2025-06-28
2025-06-28"
1013,divulge,"洩露
透露","0.36
0.36","2025-06-28
2025-06-28"
1014,vulgar,"粗俗的
庸俗的
不雅的","0.36
0.36
0.36","2025-06-28
2025-06-28
2025-06-28"
1015,alacrity,"敏捷
樂意
欣然","0.36
0.36
0.36","2025-06-28
2025-06-28
2025-06-28"
1016,anecdote,"軼事
趣聞","0.36
0.36","2025-06-28
2025-06-28"
1017,asseverate,"鄭重聲明
斷言","0.36
0.36","2025-06-28
2025-06-28"
1018,atrophy,"萎縮
退化","0.36
0.36","2025-06-28
2025-06-28"
1019,axiomatic,"不證自明的
公理的","0.2
0.2","2025-06-28
2025-06-28"
1020,backbite,"誹謗
說人壞話","0.36
0.36","2025-06-28
2025-06-28"
1021,baroque,"巴洛克風格的 (指17世紀藝術和建築風格，特點是華麗、誇張和動感)
過於華麗的
裝飾繁複的","0.36
0.36
0.36","2025-06-28
2025-06-28
2025-06-28"
1022,begrudging,"不情願的
吝嗇的
勉強的 (指給予或承認時帶有不滿或嫉妒)","0.36
0.36
0.36","2025-06-28
2025-06-28
2025-06-28"
1023,bravado,"虛張聲勢
裝作勇敢","0.36
0.36","2025-06-28
2025-06-28"
1024,bromidic,"陳腐的
老套的
無聊的","0.36
0.36
0.36","2025-06-28
2025-06-28
2025-06-28"
1025,bypass,"繞過
避開
規避 (動詞)
旁道
支路 (名詞)","0.36
0.36
0.36
0.36
0.36","2025-06-28
2025-06-28
2025-06-28
2025-06-28
2025-06-28"
1026,chic,"時髦的
雅緻的
流行的 (形容詞)
時髦
雅緻 (名詞)","0.36
0.36
0.36
0.36
0.36","2025-06-28
2025-06-28
2025-06-28
2025-06-28
2025-06-28"
1027,chimera,"嵌合體 (神話中獅頭、羊身、蛇尾的怪獸)
幻想
妄想
不可能的希望","0.16
0.16
0.16
0.16","2025-06-28
2025-06-28
2025-06-28
2025-06-28"
1028,churlish,"粗魯的
不禮貌的
脾氣暴躁的","0.36
0.36
0.36","2025-06-28
2025-06-28
2025-06-28"
1029,clear-cut,"明確的
清晰的
一目瞭然的","0.36
0.36
0.36","2025-06-28
2025-06-28
2025-06-28"
1030,commonplace,"司空見慣的
普通的
尋常的 (形容詞)
老生常談
陳詞濫調 (名詞)","0.2
0.2
0.2
0.2
0.2","2025-06-28
2025-06-28
2025-06-28
2025-06-28
2025-06-28"
1031,crabby,"脾氣壞的
批評、挑剔","0.2
0.2","2025-06-28
2025-06-28"
1032,delimit,"劃定界限
確定範圍
限定","0.2
0.2
0.2","2025-06-28
2025-06-28
2025-06-28"
1033,elegy,"輓歌
哀歌 (通常為悼念逝者)","0.0
0.0","2025-06-28
2025-06-28"
1034,enfeeble,"使衰弱
使虛弱","0.2
0.2","2025-06-28
2025-06-28"
1035,entailed,"牽涉到
需要
導致","0.0
0.0
0.0","2025-06-28
2025-06-28
2025-06-28"
1036,fraught,"充滿的
令人擔憂的
緊張的","0.2
0.2
0.2","2025-06-28
2025-06-28
2025-06-28"
1037,histrionic,"過於戲劇化的
矯揉造作的
表演性的","0.0
0.0
0.0","2025-06-28
2025-06-28
2025-06-28"
1038,hodgepodge,"大雜燴
混雜物
一團糟","0.2
0.2
0.2","2025-06-28
2025-06-28
2025-06-28"
1039,imbue,"使充滿
灌輸
感染","0.2
0.2
0.2","2025-06-28
2025-06-28
2025-06-28"
1040,knotty,"多結的
難解決的
複雜的","0.2
0.2
0.2","2025-06-28
2025-06-28
2025-06-28"
1041,meager,"瘦弱的
貧乏的
不足的","0.2
0.2
0.2","2025-06-28
2025-06-28
2025-06-28"
1042,meretricious,"華而不實的
徒有其表的
虛有其表的","0.2
0.2
0.2","2025-06-28
2025-06-28
2025-06-28"
1043,modicum,"少量
一點點","0.2
0.2","2025-06-28
2025-06-28"
1044,momentous,"重大的
重要的
有深遠影響的","0.0
0.0
0.0","2025-06-28
2025-06-28
2025-06-28"
1045,peevish,"脾氣暴躁的
易怒的
愛抱怨的","0.2
0.2
0.2","2025-06-28
2025-06-28
2025-06-28"
1046,physiological,"生理的
生理學的","0.2
0.2","2025-06-28
2025-06-28"
1047,protean,"變化多端的
多才多藝的
變化的","0.2
0.2
0.2","2025-06-28
2025-06-28
2025-06-28"
1048,quandary,"困境
窘境
兩難","0.2
0.2
0.2","2025-06-28
2025-06-28
2025-06-28"
1049,rapprochement,"和解
恢復友好關係
關係改善","0.2
0.2
0.2","2025-06-28
2025-06-28
2025-06-28"
1050,retaliate,"報復
反擊","0.0
0.0","2024-08-03
2024-08-03"
1051,sartorial,"裁縫的
服裝的
有關衣著的","0.0
0.0
0.0","2024-08-03
2024-08-03
2024-08-03"
1052,shading,"陰影處理
色彩過渡
細微差別
掩飾","0.0
0.0
0.0
0.0","2024-08-03
2024-08-03
2024-08-03
2024-08-03"
1053,skulduggery,"詭計
陰謀
欺騙","0.0
0.0
0.0","2024-08-03
2024-08-03
2024-08-03"
1054,slumber,"睡眠
小睡
睡覺","0.0
0.0
0.0","2024-08-03
2024-08-03
2024-08-03"
1055,staggering,"令人震驚的
巨大的
驚人的","0.0
0.0
0.0","2024-08-03
2024-08-03
2024-08-03"
1056,stoicism,"禁慾主義
堅忍
斯多葛主義","0.0
0.0
0.0","2024-08-03
2024-08-03
2024-08-03"
1057,sumptuous,"豪華的
華麗的
奢侈的","0.0
0.0
0.0","2024-08-03
2024-08-03
2024-08-03"
1058,valorize,"提升價值
使增值
給予肯定
穩定價格","0.0
0.0
0.0
0.0","2024-08-03
2024-08-03
2024-08-03
2024-08-03"
1059,woo,"追求
求愛
爭取
勸說","0.0
0.0
0.0
0.0","2024-08-03
2024-08-03
2024-08-03
2024-08-03"
1060,noisome,"惡臭的
有害健康的
令人不快的","0.0
0.0
0.0","2024-08-03
2024-08-03
2024-08-03"
1061,conceal,"隱藏
掩蓋
隱瞞","0.0
0.0
0.0","2024-08-03
2024-08-03
2024-08-03"
1062,obscure,"模糊的
費解的
不清楚的
遮蔽
使模糊","0.0
0.0
0.0
0.0
0.0","2024-08-03
2024-08-03
2024-08-03
2024-08-03
2024-08-03"
1063,unassuming,"謙遜的
不擺架子的
樸實無華的","0.0
0.0
0.0","2024-08-03
2024-08-03
2024-08-03"
1064,estrange,"使疏遠
使不和
使離間","0.0
0.0
0.0","2024-08-03
2024-08-03
2024-08-03"
1065,tribute,"貢品
頌詞
表示敬意
效忠","0.0
0.0
0.0
0.0","2024-08-03
2024-08-03
2024-08-03
2024-08-03"
1066,denounce,"譴責
告發
指責","0.0
0.0
0.0","2024-08-03
2024-08-03
2024-08-03"
1067,disprove,"反駁
證明…為假
駁倒","0.0
0.0
0.0","2024-08-03
2024-08-03
2024-08-03"
1068,morph,"形態
變形
使變形
轉變","0.0
0.0
0.0
0.0","2024-08-03
2024-08-03
2024-08-03
2024-08-03"
1069,metamorphose,"使變形
使蛻變
變形
蛻變","0.0
0.0
0.0
0.0","2024-08-03
2024-08-03
2024-08-03
2024-08-03"
1070,assess,"評估
估價
徵收","0.0
0.0
0.0","2024-08-03
2024-08-03
2024-08-03"
1071,capacious,"寬敞的
容量大的
容積大的","0.0
0.0
0.0","2024-08-03
2024-08-03
2024-08-03"
1072,captivate,"迷住
使著迷
吸引","0.0
0.0
0.0","2024-08-03
2024-08-03
2024-08-03"
1073,ravenous,"極其飢餓的
貪婪的
渴望的","0.0
0.0
0.0","2024-08-03
2024-08-03
2024-08-03"
1074,contemptuous,"輕蔑的
鄙視的
不屑一顧的","0.0
0.0
0.0","2024-08-03
2024-08-03
2024-08-03"
1075,appraise,"評估
鑑定
估價","0.0
0.0
0.0","2024-08-03
2024-08-03
2024-08-03"
1076,incumbent,"現任的
在職的
義不容辭的
現任者
在職者","0.0
0.0
0.0
0.0
0.0","2024-08-03
2024-08-03
2024-08-03
2024-08-03
2024-08-03"
1077,tonic,"補品
滋補的
增強體質的
主音
基調","0.0
0.0
0.0
0.0
0.0","2024-08-03
2024-08-03
2024-08-03
2024-08-03
2024-08-03"
1078,admonish,"告誡
勸告
訓誡
責備","0.0
0.0
0.0
0.0","2024-08-03
2024-08-03
2024-08-03
2024-08-03"
